date,ticker,open,high,low,close,volume
2023-01-02,ALPHA,128,128.02,126.03,126.54,1608417
2023-01-03,ALPHA,126.54,130.62,125.94,130.41,3884719
2023-01-04,ALPHA,130.41,131.39,130.26,130.89,4019938
2023-01-05,ALPHA,130.89,131.93,129.39,129.64,1370930
2023-01-06,ALPHA,129.64,134.19,129.59,133.85,3370181
2023-01-09,ALPHA,133.85,140.29,133.07,139.79,2377380
2023-01-10,ALPHA,139.79,142.09,139.52,141.3,3176886
2023-01-11,ALPHA,141.3,141.46,138.11,138.19,1966115
2023-01-12,ALPHA,138.19,138.31,136.48,137.21,3641169
2023-01-13,ALPHA,137.21,139.85,136.25,138.42,1853178
2023-01-16,ALPHA,138.42,142.89,137.59,142.75,1526824
2023-01-17,ALPHA,142.75,144.21,142.56,143.8,2216113
2023-01-18,ALPHA,143.8,146.7,142.94,146.05,2803582
2023-01-19,ALPHA,146.05,146.73,142.09,143.49,1865126
2023-01-20,ALPHA,143.49,146.29,142.48,145.88,4474244
2023-01-23,ALPHA,145.88,146.84,142.03,142.48,2879357
2023-01-24,ALPHA,142.48,143.27,140.42,141.28,2972056
2023-01-25,ALPHA,141.28,141.46,140.83,141.41,1748019
2023-01-26,ALPHA,141.41,141.7,137.19,137.67,2844063
2023-01-27,ALPHA,137.67,138.59,136.79,138.47,3329930
2023-01-30,ALPHA,138.47,141.01,137.91,140.66,2124637
2023-01-31,ALPHA,140.66,140.7,137.81,138.59,2174844
2023-02-01,ALPHA,138.59,140.68,138.32,140.3,3680409
2023-02-02,ALPHA,140.3,140.69,138.12,138.3,2173372
2023-02-03,ALPHA,138.3,139.48,137.38,137.46,2735555
2023-02-06,ALPHA,137.46,138.41,137.42,137.92,1426361
2023-02-07,ALPHA,137.92,138.15,134.62,135.12,2649653
2023-02-08,ALPHA,135.12,135.92,131.4,131.51,2542722
2023-02-09,ALPHA,131.51,133.5,131.03,133.27,2092919
2023-02-10,ALPHA,133.27,135.03,132.72,134.18,1544463
2023-02-13,ALPHA,134.18,134.3,132.52,133.13,3104888
2023-02-14,ALPHA,133.13,133.5,130.8,131.59,2262275
2023-02-15,ALPHA,131.59,132.02,129.82,130.5,2031850
2023-02-16,ALPHA,130.5,130.68,128.61,129.94,2808186
2023-02-17,ALPHA,129.94,131.18,129.11,130.74,1896445
2023-02-20,ALPHA,130.74,132.45,130.3,131.48,2040478
2023-02-21,ALPHA,131.48,133.88,131.2,133.29,2825908
2023-02-22,ALPHA,133.29,133.33,131.48,132.81,1784935
2023-02-23,ALPHA,132.81,134.24,131.92,133.88,753213
2023-02-24,ALPHA,133.88,134.41,131.26,131.42,3245002
2023-02-27,ALPHA,131.42,133.06,131.25,133.03,1573153
2023-02-28,ALPHA,133.03,133.07,131.83,132.57,2259544
2023-03-01,ALPHA,132.57,133.02,131.25,131.53,2427375
2023-03-02,ALPHA,131.53,132.04,128.91,129.37,2855186
2023-03-03,ALPHA,129.37,130.05,127.57,127.79,3419715
2023-03-06,ALPHA,127.79,129.81,127.48,128.54,2780611
2023-03-07,ALPHA,128.54,129.01,125.51,125.86,2179497
2023-03-08,ALPHA,125.86,127,125.79,126.6,1751823
2023-03-09,ALPHA,126.6,126.88,125.58,126.16,3056797
2023-03-10,ALPHA,126.16,128.52,126,128.27,2130287
2023-03-13,ALPHA,128.27,131.35,127.91,130.94,1226466
2023-03-14,ALPHA,130.94,132.76,129.87,132.63,2276845
2023-03-15,ALPHA,132.63,133.06,132.53,132.87,3071427
2023-03-16,ALPHA,132.87,132.99,129.6,129.98,2589021
2023-03-17,ALPHA,129.98,131.3,129.33,131.13,2677855
2023-03-20,ALPHA,131.13,132.33,129.88,129.94,3042253
2023-03-21,ALPHA,129.94,131.12,129.3,130.66,1842725
2023-03-22,ALPHA,130.66,131.58,130.4,131.38,2004604
2023-03-23,ALPHA,131.38,131.4,130.92,130.93,1356229
2023-03-24,ALPHA,130.93,131.95,130.07,130.07,2606753
2023-03-27,ALPHA,130.07,130.5,126.07,126.84,2182298
2023-03-28,ALPHA,126.84,130.84,126.22,130.44,3403377
2023-03-29,ALPHA,130.44,130.72,127.15,127.48,3366434
2023-03-30,ALPHA,127.48,128.79,127.28,128.66,2037570
2023-03-31,ALPHA,128.66,129.68,123.11,123.98,6513692
2023-04-03,ALPHA,123.98,125.07,123.75,124.49,2313646
2023-04-04,ALPHA,124.49,124.63,123.51,124.33,1444737
2023-04-05,ALPHA,124.33,124.67,119.75,120.08,2071819
2023-04-06,ALPHA,120.08,120.59,118.72,119.05,2404027
2023-04-07,ALPHA,119.05,119.79,118.86,119.7,2187142
2023-04-10,ALPHA,119.7,120.21,116.62,117.55,2348976
2023-04-11,ALPHA,117.55,117.69,113.14,113.15,2404021
2023-04-12,ALPHA,113.15,117.11,112.99,116.56,2315304
2023-04-13,ALPHA,116.56,116.9,115.95,116.36,2339259
2023-04-14,ALPHA,116.36,117.81,116.24,117.64,996786
2023-04-17,ALPHA,117.64,118.05,115.96,116.56,373568
2023-04-18,ALPHA,116.56,120.68,115.81,120.34,4739249
2023-04-19,ALPHA,120.34,124.09,119.79,123.48,3465391
2023-04-20,ALPHA,123.48,123.63,122.88,122.91,1499139
2023-04-21,ALPHA,122.91,123.43,122.31,122.98,1406428
2023-04-24,ALPHA,122.98,123.23,119.86,120.06,3065717
2023-04-25,ALPHA,120.06,120.42,117.94,118.11,3646749
2023-04-26,ALPHA,118.11,118.24,113.97,114.82,2695086
2023-04-27,ALPHA,114.82,117.24,114.44,116.87,2940268
2023-04-28,ALPHA,116.87,117.67,116.78,117.64,2018940
2023-05-01,ALPHA,117.64,118.31,117.27,117.76,1813037
2023-05-02,ALPHA,117.76,120.37,117.41,120.33,3354429
2023-05-03,ALPHA,120.33,122.96,120.17,122.9,1592848
2023-05-04,ALPHA,122.9,124.48,122.85,124,3678558
2023-05-05,ALPHA,124,128.12,123.95,127.47,4988215
2023-05-08,ALPHA,127.47,127.96,124.37,124.68,3483102
2023-05-09,ALPHA,124.68,124.7,124.39,124.56,3120361
2023-05-10,ALPHA,124.56,126.54,124.51,125.79,2915239
2023-05-11,ALPHA,125.79,126.19,123.03,123.33,1484313
2023-05-12,ALPHA,123.33,123.94,121.4,121.67,2960453
2023-05-15,ALPHA,121.67,122.57,120.95,121.37,1815722
2023-05-16,ALPHA,121.37,125.42,120.92,124.98,3023830
2023-05-17,ALPHA,124.98,128.54,124.86,128.05,2724189
2023-05-18,ALPHA,128.05,128.23,125.9,126.55,2351549
2023-05-19,ALPHA,126.55,127.29,126.48,127.24,1687229
2023-05-22,ALPHA,127.24,127.42,126.3,126.99,1812625
2023-05-23,ALPHA,126.99,127.44,126.61,126.8,2075125
2023-05-24,ALPHA,126.8,126.82,125.83,126.45,2291197
2023-05-25,ALPHA,126.45,128.76,126.07,128.68,2454418
2023-05-26,ALPHA,128.68,128.82,126.65,127.13,3223610
2023-05-29,ALPHA,127.13,127.14,126.23,126.39,3087725
2023-05-30,ALPHA,126.39,128.32,125.95,127.98,2954159
2023-05-31,ALPHA,127.98,129.61,127.66,129.21,2221553
2023-06-01,ALPHA,129.21,130.5,128.79,130.23,1064159
2023-06-02,ALPHA,130.23,130.68,128.52,129.09,1034937
2023-06-05,ALPHA,129.09,129.59,128.29,128.35,2138886
2023-06-06,ALPHA,128.35,128.64,125.93,126.75,3130929
2023-06-07,ALPHA,126.75,128.77,126.08,128.33,3647302
2023-06-08,ALPHA,128.33,131.16,127.87,130.73,3338067
2023-06-09,ALPHA,130.73,130.73,130.25,130.45,2206040
2023-06-12,ALPHA,130.45,131.98,130.37,131.01,1857024
2023-06-13,ALPHA,131.01,131.16,127.08,127.66,4321638
2023-06-14,ALPHA,127.66,127.76,124.41,125.02,2080091
2023-06-15,ALPHA,125.02,125.19,124.72,125.17,2049095
2023-06-16,ALPHA,125.17,125.34,124.05,124.38,2526531
2023-06-19,ALPHA,124.38,125.05,124.21,125.02,1714763
2023-06-20,ALPHA,125.02,125.4,122.33,122.61,3773512
2023-06-21,ALPHA,122.61,123.23,119.79,119.95,2855402
2023-06-22,ALPHA,119.95,120.37,118.96,119.49,2295407
2023-06-23,ALPHA,119.49,119.66,115.91,115.96,3911997
2023-06-26,ALPHA,115.96,116.38,115.91,116.35,2030328
2023-06-27,ALPHA,116.35,116.61,113.31,113.43,1333190
2023-06-28,ALPHA,113.43,113.57,110.09,110.32,3907361
2023-06-29,ALPHA,110.32,110.77,109.85,110.53,1161558
2023-06-30,ALPHA,110.53,110.77,109.49,109.98,2710705
2023-07-03,ALPHA,109.98,111.3,109.51,110.7,2884616
2023-07-04,ALPHA,110.7,110.74,107.41,108.24,3338487
2023-07-05,ALPHA,108.24,108.36,107.75,107.95,2992568
2023-07-06,ALPHA,107.95,109.94,107.88,109.19,1958474
2023-07-07,ALPHA,109.19,111.37,108.8,111.04,3316716
2023-07-10,ALPHA,111.04,111.61,109.24,110.5,1794990
2023-07-11,ALPHA,110.5,112.97,110.35,112.29,2857806
2023-07-12,ALPHA,112.29,112.5,110.17,110.41,4202861
2023-07-13,ALPHA,110.41,111.54,110.39,111.29,2286180
2023-07-14,ALPHA,111.29,113.71,111.05,113.45,2807651
2023-07-17,ALPHA,113.45,115.75,113.43,115.16,759460
2023-07-18,ALPHA,115.16,115.29,112.53,112.56,3414672
2023-07-19,ALPHA,112.56,113.88,112.26,112.92,2358867
2023-07-20,ALPHA,112.92,114.37,112.73,114.33,2077190
2023-07-21,ALPHA,114.33,117.04,113.75,116.63,3072901
2023-07-24,ALPHA,116.63,116.84,113.24,113.32,3007316
2023-07-25,ALPHA,113.32,113.65,108.9,109.12,2960647
2023-07-26,ALPHA,109.12,109.18,106.69,106.89,3096061
2023-07-27,ALPHA,106.89,107.76,106.71,107.75,1322645
2023-07-28,ALPHA,107.75,107.97,107.27,107.53,2232692
2023-07-31,ALPHA,107.53,108.1,106.48,107.01,2321930
2023-08-01,ALPHA,107.01,108.71,106.79,108.04,1764097
2023-08-02,ALPHA,108.04,108.83,104.66,104.79,2901927
2023-08-03,ALPHA,104.79,107.58,104.25,107.27,3098758
2023-08-04,ALPHA,107.27,107.74,106.15,106.52,2042563
2023-08-07,ALPHA,106.52,107.93,106.43,107.12,3151429
2023-08-08,ALPHA,107.12,109.78,106.48,109.12,3252878
2023-08-09,ALPHA,109.12,110.88,109.07,110.78,1030339
2023-08-10,ALPHA,110.78,111.76,110.15,111.62,2591687
2023-08-11,ALPHA,111.62,114.75,110.62,114.19,2425785
2023-08-14,ALPHA,114.19,114.32,110.15,110.91,3037286
2023-08-15,ALPHA,110.91,113.78,110.48,113.54,2477069
2023-08-16,ALPHA,113.54,116.77,113.52,116.52,3764625
2023-08-17,ALPHA,116.52,118.22,116.31,118.11,1912266
2023-08-18,ALPHA,118.11,121.29,117.7,120.32,2913548
2023-08-21,ALPHA,120.32,121.72,119.97,121.18,881125
2023-08-22,ALPHA,121.18,123.75,120.92,123.32,4009815
2023-08-23,ALPHA,123.32,123.36,122.06,122.18,2878599
2023-08-24,ALPHA,122.18,124.35,121.2,123.97,784393
2023-08-25,ALPHA,123.97,124.88,123.04,124.38,3114729
2023-08-28,ALPHA,124.38,125.76,124.18,125.22,2632924
2023-08-29,ALPHA,125.22,125.99,124.47,124.64,2326968
2023-08-30,ALPHA,124.64,125.71,121.99,122.38,2965324
2023-08-31,ALPHA,122.38,122.45,121.58,122.11,2845497
2023-09-01,ALPHA,122.11,122.45,119.63,119.77,2482247
2023-09-04,ALPHA,119.77,121.78,118.9,121.26,2211244
2023-09-05,ALPHA,121.26,121.55,119.69,120.05,1867215
2023-09-06,ALPHA,120.05,124.37,119.72,124.03,2628051
2023-09-07,ALPHA,124.03,129.18,123.34,128.83,3367661
2023-09-08,ALPHA,128.83,129.32,128.58,129.28,3273962
2023-09-11,ALPHA,129.28,129.71,127.86,128.04,2111042
2023-09-12,ALPHA,128.04,128.58,127.75,128.29,976231
2023-09-13,ALPHA,128.29,128.73,126.35,127,2481319
2023-09-14,ALPHA,127,127.03,125.59,125.88,2476309
2023-09-15,ALPHA,125.88,126.25,124.9,125.62,1487374
2023-09-18,ALPHA,125.62,127.8,125.49,127.59,3918368
2023-09-19,ALPHA,127.59,129.34,127.21,129.23,2217018
2023-09-20,ALPHA,129.23,132.46,128.93,132.19,2268058
2023-09-21,ALPHA,132.19,138.11,130.9,137.48,3565043
2023-09-22,ALPHA,137.48,137.68,134.77,135.14,3906713
2023-09-25,ALPHA,135.14,136.4,134.78,136.26,2012946
2023-09-26,ALPHA,136.26,137.37,134.81,135.22,1534771
2023-09-27,ALPHA,135.22,135.94,131.66,132.1,2204732
2023-09-28,ALPHA,132.1,132.49,129.02,129.66,2782786
2023-09-29,ALPHA,129.66,130.44,127.07,127.32,2081757
2023-10-02,ALPHA,127.32,127.4,125.12,125.42,2332711
2023-10-03,ALPHA,125.42,126.87,124.81,126.83,1679151
2023-10-04,ALPHA,126.83,126.95,125.74,126.42,2466643
2023-10-05,ALPHA,126.42,126.83,123.02,123.38,2336091
2023-10-06,ALPHA,123.38,123.55,120.72,120.77,2350091
2023-10-09,ALPHA,120.77,122.1,120.15,121.58,1628288
2023-10-10,ALPHA,121.58,122.27,120.7,120.81,1217782
2023-10-11,ALPHA,120.81,123.4,120.39,122.99,2326788
2023-10-12,ALPHA,122.99,123.55,121.55,122.29,1718962
2023-10-13,ALPHA,122.29,122.88,119.77,120.8,2578927
2023-10-16,ALPHA,120.8,122.33,120.53,121.45,1444666
2023-10-17,ALPHA,121.45,121.64,120.05,120.84,1058099
2023-10-18,ALPHA,120.84,120.86,120.24,120.75,2423146
2023-10-19,ALPHA,120.75,123.47,119.99,122.91,2343961
2023-10-20,ALPHA,122.91,123.55,118.82,119.24,6034966
2023-10-23,ALPHA,119.24,119.57,113.34,113.62,2577226
2023-10-24,ALPHA,113.62,114.25,112.92,113.45,839739
2023-10-25,ALPHA,113.45,115.16,113.01,114.47,3883771
2023-10-26,ALPHA,114.47,114.65,111.28,111.54,1668521
2023-10-27,ALPHA,111.54,113.32,111.07,113.16,2490725
2023-10-30,ALPHA,113.16,114.18,113.05,113.34,1253735
2023-10-31,ALPHA,113.34,113.63,112,112.25,2144002
2023-11-01,ALPHA,112.25,116.12,111.94,115.93,2583186
2023-11-02,ALPHA,115.93,116.37,115.78,115.8,2348569
2023-11-03,ALPHA,115.8,115.82,114.99,115.38,2384335
2023-11-06,ALPHA,115.38,116.03,111.7,111.89,4470675
2023-11-07,ALPHA,111.89,113.48,111.41,113.24,1780804
2023-11-08,ALPHA,113.24,113.69,111.15,111.39,3499537
2023-11-09,ALPHA,111.39,111.72,109.59,109.62,1249094
2023-11-10,ALPHA,109.62,110.05,106.71,106.72,2886243
2023-11-13,ALPHA,106.72,108.15,106.58,108.03,2823407
2023-11-14,ALPHA,108.03,109.67,107.89,109.54,1247724
2023-11-15,ALPHA,109.54,112.32,109,112.3,3479241
2023-11-16,ALPHA,112.3,113.03,111.02,112.85,2489916
2023-11-17,ALPHA,112.85,114.29,112.42,113.85,2147483
2023-11-20,ALPHA,113.85,114,112.78,113,2070141
2023-11-21,ALPHA,113,113.25,111.43,111.95,2340832
2023-11-22,ALPHA,111.95,112.2,111.5,111.78,3154150
2023-11-23,ALPHA,111.78,111.91,111.31,111.67,2972228
2023-11-24,ALPHA,111.67,112.04,111.27,111.74,2053897
2023-11-27,ALPHA,111.74,112.52,108.68,109.37,2508077
2023-11-28,ALPHA,109.37,109.97,106.65,106.93,1440518
2023-11-29,ALPHA,106.93,107.03,106.84,106.93,1366610
2023-11-30,ALPHA,106.93,107.45,106.4,106.52,1458878
2023-12-01,ALPHA,106.52,108.2,105.97,107.94,2032460
2023-12-04,ALPHA,107.94,108.53,106.13,106.62,2820471
2023-12-05,ALPHA,106.62,106.76,105.26,105.65,2244439
2023-12-06,ALPHA,105.65,106.5,104.24,104.64,2327359
2023-12-07,ALPHA,104.64,105.15,102.85,102.92,2065683
2023-12-08,ALPHA,102.92,103.4,99.77,99.87,4470715
2023-12-11,ALPHA,99.87,100.33,99.07,99.53,3308677
2023-12-12,ALPHA,99.53,99.69,97.18,97.59,2147680
2023-12-13,ALPHA,97.59,97.68,96.1,96.52,1798125
2023-12-14,ALPHA,96.52,97.92,95.83,97.48,2444368
2023-12-15,ALPHA,97.48,97.62,97.36,97.36,2522664
2023-12-18,ALPHA,97.36,100.95,97.1,100.26,3568353
2023-12-19,ALPHA,100.26,100.27,96.3,96.35,5085909
2023-12-20,ALPHA,96.35,97.37,95.85,97.34,1385856
2023-12-21,ALPHA,97.34,97.67,95.19,95.29,2052195
2023-12-22,ALPHA,95.29,95.67,91.64,91.95,3920454
2023-12-25,ALPHA,91.95,92.63,91.1,91.61,1441133
2023-12-26,ALPHA,91.61,91.74,90.34,91.11,592657
2023-12-27,ALPHA,91.11,94.23,90.82,94.16,3065380
2023-12-28,ALPHA,94.16,96.91,93.6,95.94,1965932
2023-12-29,ALPHA,95.94,98.76,95.93,98.08,2899809
2024-01-01,ALPHA,98.08,100.07,97.96,100.06,2275246
2024-01-02,ALPHA,100.06,100.34,99.74,99.82,520874
2024-01-03,ALPHA,99.82,103.81,99.78,102.76,3112205
2024-01-04,ALPHA,102.76,103.71,102.57,103.25,2662754
2024-01-05,ALPHA,103.25,104.39,102.66,104.17,3447860
2024-01-08,ALPHA,104.17,105.41,104.09,104.71,2286341
2024-01-09,ALPHA,104.71,104.75,104.05,104.13,2810560
2024-01-10,ALPHA,104.13,104.35,101.27,101.78,1499195
2024-01-11,ALPHA,101.78,102.53,100.24,100.55,2005767
2024-01-12,ALPHA,100.55,100.9,98.81,99.01,4354608
2024-01-15,ALPHA,99.01,99.11,98.04,98.13,2488022
2024-01-16,ALPHA,98.13,98.65,93.88,94.13,3157123
2024-01-17,ALPHA,94.13,94.36,92.98,93.52,3704305
2024-01-18,ALPHA,93.52,95.05,93.44,94.99,2684311
2024-01-19,ALPHA,94.99,95.53,93.54,94.01,1988078
2024-01-22,ALPHA,94.01,94.24,92.86,93.39,1798898
2024-01-23,ALPHA,93.39,93.56,90.58,91.25,2258776
2024-01-24,ALPHA,91.25,91.63,90.79,90.95,2372976
2024-01-25,ALPHA,90.95,91.46,87.79,88.35,2709047
2024-01-26,ALPHA,88.35,88.44,85.21,85.94,3698442
2024-01-29,ALPHA,85.94,86.27,84.71,84.93,1756118
2024-01-30,ALPHA,84.93,85.58,84.88,85.45,1671497
2024-01-31,ALPHA,85.45,85.45,84.57,84.81,2291266
2024-02-01,ALPHA,84.81,85.52,84.44,85.36,1984586
2024-02-02,ALPHA,85.36,85.88,84.92,85.16,1216034
2024-02-05,ALPHA,85.16,85.9,84.84,85.86,2377527
2024-02-06,ALPHA,85.86,88.24,85.62,87.66,3310169
2024-02-07,ALPHA,87.66,87.72,85.96,86.4,2312543
2024-02-08,ALPHA,86.4,86.7,86.07,86.4,2212095
2024-02-09,ALPHA,86.4,88.28,86.32,87.98,2283033
2024-02-12,ALPHA,87.98,88.59,86.55,86.56,2076543
2024-02-13,ALPHA,86.56,86.57,85.7,85.83,1510358
2024-02-14,ALPHA,85.83,86.85,85.58,86.67,1925243
2024-02-15,ALPHA,86.67,87.03,84.6,84.8,1818573
2024-02-16,ALPHA,84.8,86.73,84.35,86.15,1776555
2024-02-19,ALPHA,86.15,88.25,85.29,87.79,2972949
2024-02-20,ALPHA,87.79,90.03,87.45,89.62,2989052
2024-02-21,ALPHA,89.62,89.8,86.02,86.36,4024245
2024-02-22,ALPHA,86.36,86.44,84.95,85.03,1978897
2024-02-23,ALPHA,85.03,85.69,84.79,84.86,1957488
2024-02-26,ALPHA,84.86,84.95,84.56,84.9,2759279
2024-02-27,ALPHA,84.9,85.67,84.8,85.6,1609593
2024-02-28,ALPHA,85.6,86.25,85.27,85.97,1942544
2024-02-29,ALPHA,85.97,86.62,85.13,85.49,2955738
2024-03-01,ALPHA,85.49,86.94,85.36,86.42,1967327
2024-03-04,ALPHA,86.42,86.65,85.66,85.83,677814
2024-03-05,ALPHA,85.83,86.47,85.75,85.87,2244704
2024-03-06,ALPHA,85.87,85.89,85.12,85.17,3224831
2024-03-07,ALPHA,85.17,87.49,85.03,87.13,3713928
2024-03-08,ALPHA,87.13,87.29,86.14,86.3,2925774
2024-03-11,ALPHA,86.3,87.19,85.5,86.96,1542332
2024-03-12,ALPHA,86.96,87.61,86.79,87.57,1257923
2024-03-13,ALPHA,87.57,87.92,87.04,87.29,1902552
2024-03-14,ALPHA,87.29,88.08,87.08,87.45,2225271
2024-03-15,ALPHA,87.45,88.24,87.25,87.64,2297910
2024-03-18,ALPHA,87.64,87.79,85.33,85.4,2743433
2024-03-19,ALPHA,85.4,86.69,85.03,86.52,2614945
2024-03-20,ALPHA,86.52,88.47,86,88.46,1840212
2024-03-21,ALPHA,88.46,89.1,88.44,88.81,3638613
2024-03-22,ALPHA,88.81,89.02,86.77,86.8,3435172
2024-03-25,ALPHA,86.8,88.27,86.24,88.06,2821246
2024-03-26,ALPHA,88.06,88.24,87.8,88.04,3391608
2024-03-27,ALPHA,88.04,88.1,85.96,86.27,2593017
2024-03-28,ALPHA,86.27,87.35,86.15,86.76,1947059
2024-03-29,ALPHA,86.76,87.2,84.72,84.76,3367536
2024-04-01,ALPHA,84.76,85.16,84.22,84.52,291919
2024-04-02,ALPHA,84.52,84.54,82.56,82.74,1790600
2024-04-03,ALPHA,82.74,82.96,82.38,82.6,1389773
2024-04-04,ALPHA,82.6,82.96,82.51,82.59,589316
2024-04-05,ALPHA,82.59,83.32,81.4,82.15,2442196
2024-04-08,ALPHA,82.15,82.16,81.53,81.54,2895737
2024-04-09,ALPHA,81.54,81.74,79.92,80.6,2519296
2024-04-10,ALPHA,80.6,82.69,80.45,82.38,347682
2024-04-11,ALPHA,82.38,83.43,81.83,82.66,2409974
2024-04-12,ALPHA,82.66,83.21,81.87,83.18,2870158
2024-04-15,ALPHA,83.18,84.02,83.08,84.02,788018
2024-04-16,ALPHA,84.02,84.07,82.41,82.54,2818984
2024-04-17,ALPHA,82.54,84.53,82.5,84.25,2590929
2024-04-18,ALPHA,84.25,84.4,82.34,82.96,3258029
2024-04-19,ALPHA,82.96,83.03,81.71,81.79,2394967
2024-04-22,ALPHA,81.79,82.04,80.67,81,2071772
2024-04-23,ALPHA,81,83.12,80.94,82.77,3228537
2024-04-24,ALPHA,82.77,83.04,81.62,81.88,2520626
2024-04-25,ALPHA,81.88,81.98,79.27,79.57,4209320
2024-04-26,ALPHA,79.57,81.31,79.27,81.05,2302124
2024-04-29,ALPHA,81.05,81.26,80.15,80.27,2316639
2024-04-30,ALPHA,80.27,80.54,79.47,79.49,2976855
2024-05-01,ALPHA,79.49,82.28,79.25,81.39,1835629
2024-05-02,ALPHA,81.39,85.35,81.02,84.69,1948268
2024-05-03,ALPHA,84.69,84.8,83.16,83.26,3068452
2024-05-06,ALPHA,83.26,83.8,81.84,82.13,2926734
2024-05-07,ALPHA,82.13,82.28,81.51,81.62,2669997
2024-05-08,ALPHA,81.62,82.67,81.57,82.54,2175456
2024-05-09,ALPHA,82.54,84.85,82.52,84.07,2178278
2024-05-10,ALPHA,84.07,84.41,81.98,82.21,2914064
2024-05-13,ALPHA,82.21,83.65,82.03,83.54,3229185
2024-05-14,ALPHA,83.54,83.91,81.63,81.86,3964257
2024-05-15,ALPHA,81.86,82,80.31,80.79,1665468
2024-05-16,ALPHA,80.79,82.26,80.7,82.07,1999604
2024-05-17,ALPHA,82.07,82.17,81.47,82.07,2498134
2024-05-20,ALPHA,82.07,82.47,80.85,81,3763901
2024-05-21,ALPHA,81,81.72,79.48,79.72,1798774
2024-05-22,ALPHA,79.72,79.74,78.82,78.98,3681530
2024-05-23,ALPHA,78.98,80.78,78.77,80.48,3048121
2024-05-24,ALPHA,80.48,80.75,80.35,80.37,2852436
2024-05-27,ALPHA,80.37,80.54,77.58,77.61,4175715
2024-05-28,ALPHA,77.61,77.68,76.01,76.34,3321759
2024-05-29,ALPHA,76.34,76.54,75.55,75.71,1204972
2024-05-30,ALPHA,75.71,76.34,75.48,76.23,1571059
2024-05-31,ALPHA,76.23,77.71,76.2,77.6,2562429
2024-06-03,ALPHA,77.6,77.87,76.47,76.89,2362611
2024-06-04,ALPHA,76.89,77.51,76.81,77.42,3276260
2024-06-05,ALPHA,77.42,78.7,77.26,78.41,1822759
2024-06-06,ALPHA,78.41,78.49,76.82,76.96,3011261
2024-06-07,ALPHA,76.96,77.09,76.39,76.4,2077399
2024-06-10,ALPHA,76.4,79.04,76.07,78.94,2307182
2024-06-11,ALPHA,78.94,80.24,78.88,79.93,2296754
2024-06-12,ALPHA,79.93,80.08,79.21,79.31,1106013
2024-06-13,ALPHA,79.31,79.9,78.71,79.74,1577263
2024-06-14,ALPHA,79.74,80.45,79.52,80.09,1704398
2024-06-17,ALPHA,80.09,81.68,79.79,81.64,3399753
2024-06-18,ALPHA,81.64,82.65,81.51,82.64,2681176
2024-06-19,ALPHA,82.64,83.49,80.94,81.16,3268368
2024-06-20,ALPHA,81.16,81.19,80.62,80.68,2524167
2024-06-21,ALPHA,80.68,82.2,80.41,81.8,2143206
2024-06-24,ALPHA,81.8,81.83,79.59,80.02,2432531
2024-06-25,ALPHA,80.02,80.26,77.35,77.6,1724978
2024-06-26,ALPHA,77.6,77.67,76.02,76.18,2734555
2024-06-27,ALPHA,76.18,76.9,76,76.66,3083021
2024-06-28,ALPHA,76.66,76.75,76.43,76.72,2398206
2024-07-01,ALPHA,76.72,76.97,75.59,75.7,2328955
2024-07-02,ALPHA,75.7,75.94,74.81,74.9,2720920
2024-07-03,ALPHA,74.9,75.41,74.53,74.89,1622567
2024-07-04,ALPHA,74.89,76.13,74.38,75.8,3014465
2024-07-05,ALPHA,75.8,76.14,75.79,75.96,781677
2024-07-08,ALPHA,75.96,76.15,75.03,75.45,1762256
2024-07-09,ALPHA,75.45,76.24,75.23,75.77,1616833
2024-07-10,ALPHA,75.77,77.25,75.55,76.79,774989
2024-07-11,ALPHA,76.79,77.16,74.14,74.36,1839525
2024-07-12,ALPHA,74.36,74.67,72.92,72.94,2653503
2024-07-15,ALPHA,72.94,73.69,72.33,73.53,1687005
2024-07-16,ALPHA,73.53,76.98,73.23,76.51,3329386
2024-07-17,ALPHA,76.51,76.73,75.99,76.56,1500510
2024-07-18,ALPHA,76.56,76.58,75.5,75.8,3056267
2024-07-19,ALPHA,75.8,76.66,75.8,75.83,3054839
2024-07-22,ALPHA,75.83,77.42,75.54,76.94,3578523
2024-07-23,ALPHA,76.94,78.42,76.36,78.14,3945048
2024-07-24,ALPHA,78.14,78.84,77.68,78.59,2370802
2024-07-25,ALPHA,78.59,78.91,76.06,76.63,2960094
2024-07-26,ALPHA,76.63,76.71,75.54,75.73,2156997
2024-07-29,ALPHA,75.73,76.54,75.66,76.43,2793681
2024-07-30,ALPHA,76.43,76.86,75.42,75.46,3374213
2024-07-31,ALPHA,75.46,78.11,75.37,77.65,4235303
2024-08-01,ALPHA,77.65,77.81,77.47,77.6,1504602
2024-08-02,ALPHA,77.6,77.62,76.96,77.2,1828560
2024-08-05,ALPHA,77.2,78.14,77.02,77.98,1826514
2024-08-06,ALPHA,77.98,78,77.92,77.96,1518620
2024-08-07,ALPHA,77.96,78.37,76.51,76.78,2646847
2024-08-08,ALPHA,76.78,77.06,76.36,76.37,2268234
2024-08-09,ALPHA,76.37,78.35,75.84,78.02,3245712
2024-08-12,ALPHA,78.02,78.15,77.28,77.57,2382555
2024-08-13,ALPHA,77.57,80.32,77.51,79.79,3140326
2024-08-14,ALPHA,79.79,80.02,79.25,79.86,2164232
2024-08-15,ALPHA,79.86,79.97,79.07,79.17,2503875
2024-08-16,ALPHA,79.17,79.27,77.78,78.06,1357612
2024-08-19,ALPHA,78.06,79.77,77.55,79.13,1777875
2024-08-20,ALPHA,79.13,79.73,76.9,77.31,4290070
2024-08-21,ALPHA,77.31,78.64,77.14,78.62,2160190
2024-08-22,ALPHA,78.62,78.67,77.97,78.08,2130429
2024-08-23,ALPHA,78.08,80.02,77.79,79.94,2819806
2024-08-26,ALPHA,79.94,80.44,79.91,80.28,2756078
2024-08-27,ALPHA,80.28,81.94,80.1,81.74,3283624
2024-08-28,ALPHA,81.74,85.59,81.33,85.58,3672561
2024-08-29,ALPHA,85.58,88.44,85.25,88.04,2532752
2024-08-30,ALPHA,88.04,88.57,87.63,87.94,2718982
2024-09-02,ALPHA,87.94,88.48,87.07,88.08,3114890
2024-09-03,ALPHA,88.08,89.7,87.76,89.24,2703182
2024-09-04,ALPHA,89.24,92.12,89.18,91.29,2228515
2024-09-05,ALPHA,91.29,91.74,90.6,91.53,2613083
2024-09-06,ALPHA,91.53,91.78,90.32,90.87,2147758
2024-09-09,ALPHA,90.87,94.05,90.48,93.47,4744128
2024-09-10,ALPHA,93.47,93.95,92.49,92.92,1541668
2024-09-11,ALPHA,92.92,96.08,92.21,95.84,5377615
2024-09-12,ALPHA,95.84,96.22,94.29,94.84,2115830
2024-09-13,ALPHA,94.84,98.67,94.63,97.99,2236945
2024-09-16,ALPHA,97.99,98.06,97,97.56,1163243
2024-09-17,ALPHA,97.56,99.51,97.11,99,2880053
2024-09-18,ALPHA,99,99.92,96.02,96.11,3701022
2024-09-19,ALPHA,96.11,96.49,95.12,95.38,2230476
2024-09-20,ALPHA,95.38,95.51,94.44,94.96,1805221
2024-09-23,ALPHA,94.96,96.66,94.46,96.56,4694313
2024-09-24,ALPHA,96.56,98.18,96.18,98.17,2856579
2024-09-25,ALPHA,98.17,98.75,98.12,98.32,1969487
2024-09-26,ALPHA,98.32,98.38,94.85,95.78,1831505
2024-09-27,ALPHA,95.78,95.79,92.87,93.1,3944131
2024-09-30,ALPHA,93.1,93.95,92.95,93.79,2428203
2024-10-01,ALPHA,93.79,93.87,93.66,93.77,1950357
2024-10-02,ALPHA,93.77,96.5,93.6,96.32,2813947
2024-10-03,ALPHA,96.32,97.84,96.14,97.53,2776060
2024-10-04,ALPHA,97.53,97.54,96.87,97.15,2540121
2024-10-07,ALPHA,97.15,99.61,96.84,99.35,2458837
2024-10-08,ALPHA,99.35,99.89,95.71,95.96,2670700
2024-10-09,ALPHA,95.96,96.2,94.24,94.28,2175716
2024-10-10,ALPHA,94.28,94.31,92.86,93.08,4131104
2024-10-11,ALPHA,93.08,94.58,92.55,93.94,2387696
2024-10-14,ALPHA,93.94,94.34,92.58,92.58,2543827
2024-10-15,ALPHA,92.58,92.89,91.97,92.72,2126136
2024-10-16,ALPHA,92.72,93.8,92.58,93.78,1652497
2024-10-17,ALPHA,93.78,94.62,93.64,93.89,2107581
2024-10-18,ALPHA,93.89,94.26,93.55,94.03,2175977
2024-10-21,ALPHA,94.03,96.26,93.91,95.61,1187846
2024-10-22,ALPHA,95.61,95.94,94.98,95.55,1238332
2024-10-23,ALPHA,95.55,97.52,95.54,96.92,3379836
2024-10-24,ALPHA,96.92,99.15,96.8,99.09,4510414
2024-10-25,ALPHA,99.09,99.21,97.73,98.23,1696648
2024-10-28,ALPHA,98.23,98.65,97.33,97.75,2661660
2024-10-29,ALPHA,97.75,99.15,97.74,98.83,3206538
2024-10-30,ALPHA,98.83,99.15,95.43,96.22,4194057
2024-10-31,ALPHA,96.22,96.44,94.19,94.72,2964096
2024-11-01,ALPHA,94.72,96.07,94.34,95.92,2922194
2024-11-04,ALPHA,95.92,96.41,95.57,96.1,1709516
2024-11-05,ALPHA,96.1,97.72,95.85,97.09,2695335
2024-11-06,ALPHA,97.09,98.27,97.05,97.95,1347312
2024-11-07,ALPHA,97.95,98.38,96.97,97.16,1235638
2024-11-08,ALPHA,97.16,97.59,96.85,97.41,2081399
2024-11-11,ALPHA,97.41,97.8,94.8,94.96,3935992
2024-11-12,ALPHA,94.96,95.44,92.03,92.24,2996806
2024-11-13,ALPHA,92.24,93.45,92.18,93.22,2849069
2024-11-14,ALPHA,93.22,93.37,92.33,92.38,2360394
2024-11-15,ALPHA,92.38,93.02,91.94,92.82,1429116
2024-11-18,ALPHA,92.82,93.07,90.55,91.01,3428443
2024-11-19,ALPHA,91.01,92.96,90.86,92.55,1905778
2024-11-20,ALPHA,92.55,94.47,91.97,94.38,3542945
2024-11-21,ALPHA,94.38,94.44,93.77,93.86,2872698
2024-11-22,ALPHA,93.86,93.87,92.48,92.77,1822922
2024-11-25,ALPHA,92.77,95.86,92.49,95.11,2379812
2024-11-26,ALPHA,95.11,95.85,94.97,95.55,2171175
2024-11-27,ALPHA,95.55,95.91,93.94,94.56,2442374
2024-11-28,ALPHA,94.56,94.71,93.22,93.28,3439474
2024-11-29,ALPHA,93.28,93.5,92.79,93.22,1630821
2023-01-02,BOREAL,74,74.22,72.9,73.39,1582837
2023-01-03,BOREAL,73.39,73.96,71.9,72.03,3056086
2023-01-04,BOREAL,72.03,73.75,71.81,73.61,3003387
2023-01-05,BOREAL,73.61,75.01,73.59,74.55,2143529
2023-01-06,BOREAL,74.55,74.69,72.5,72.65,3056601
2023-01-09,BOREAL,72.65,73.37,72.46,73.18,2868926
2023-01-10,BOREAL,73.18,73.52,71.55,71.71,2303380
2023-01-11,BOREAL,71.71,72.46,71.6,72.02,2508801
2023-01-12,BOREAL,72.02,72.16,70.32,70.36,2243555
2023-01-13,BOREAL,70.36,70.38,69.04,69.2,3795270
2023-01-16,BOREAL,69.2,69.47,68.88,69.16,1806798
2023-01-17,BOREAL,69.16,69.26,68.64,69.25,1364120
2023-01-18,BOREAL,69.25,70.55,69.09,70.39,1995062
2023-01-19,BOREAL,70.39,70.83,69.98,70.42,2150526
2023-01-20,BOREAL,70.42,70.52,69.74,70.26,2101786
2023-01-23,BOREAL,70.26,70.52,70.06,70.07,2427680
2023-01-24,BOREAL,70.07,70.58,69.89,70.33,1115898
2023-01-25,BOREAL,70.33,70.48,69.33,69.42,635261
2023-01-26,BOREAL,69.42,70.62,68.86,70.12,1200709
2023-01-27,BOREAL,70.12,71.46,69.99,71.31,3065522
2023-01-30,BOREAL,71.31,71.33,70.22,70.41,2796830
2023-01-31,BOREAL,70.41,70.85,69.49,69.8,1572983
2023-02-01,BOREAL,69.8,69.85,68.69,69.28,3095152
2023-02-02,BOREAL,69.28,69.3,68.04,68.12,2735444
2023-02-03,BOREAL,68.12,69.56,67.81,69.52,2518433
2023-02-06,BOREAL,69.52,70.85,69.46,70.73,5741289
2023-02-07,BOREAL,70.73,72.04,70.7,72.03,2379822
2023-02-08,BOREAL,72.03,72.47,71.13,71.63,1709832
2023-02-09,BOREAL,71.63,71.73,70.75,71.23,3364848
2023-02-10,BOREAL,71.23,71.75,71.17,71.4,1889252
2023-02-13,BOREAL,71.4,71.84,70.15,70.25,1846701
2023-02-14,BOREAL,70.25,71.74,70.2,71.21,3063708
2023-02-15,BOREAL,71.21,71.88,71.13,71.35,1910666
2023-02-16,BOREAL,71.35,71.91,69.8,70.08,2844460
2023-02-17,BOREAL,70.08,70.76,69.84,70.37,1917490
2023-02-20,BOREAL,70.37,70.75,69.15,69.41,907303
2023-02-21,BOREAL,69.41,71.49,68.97,70.73,1720885
2023-02-22,BOREAL,70.73,70.73,70.17,70.19,2494414
2023-02-23,BOREAL,70.19,71.98,70.04,71.8,3610020
2023-02-24,BOREAL,71.8,72.79,71.45,72.78,2256234
2023-02-27,BOREAL,72.78,73.31,72.64,73.08,1850673
2023-02-28,BOREAL,73.08,73.13,72.32,72.74,3075728
2023-03-01,BOREAL,72.74,73.49,72.3,73.39,2714150
2023-03-02,BOREAL,73.39,73.77,73.22,73.65,2519030
2023-03-03,BOREAL,73.65,75.53,73.07,75.52,2733347
2023-03-06,BOREAL,75.52,75.79,75.11,75.44,1837768
2023-03-07,BOREAL,75.44,76.19,75.4,76.19,3006674
2023-03-08,BOREAL,76.19,77.11,75.58,76.83,2239445
2023-03-09,BOREAL,76.83,77.84,76.8,77.4,697987
2023-03-10,BOREAL,77.4,77.47,76.42,76.46,1378238
2023-03-13,BOREAL,76.46,76.52,75.51,75.98,1454738
2023-03-14,BOREAL,75.98,76.1,74.98,75.08,1885782
2023-03-15,BOREAL,75.08,75.28,74.48,74.62,1709535
2023-03-16,BOREAL,74.62,75.31,72.79,72.96,2749292
2023-03-17,BOREAL,72.96,73.89,72.83,73.63,3114653
2023-03-20,BOREAL,73.63,75.07,73.23,74.63,912923
2023-03-21,BOREAL,74.63,76.1,74.41,75.72,3288356
2023-03-22,BOREAL,75.72,75.8,75.06,75.26,2034089
2023-03-23,BOREAL,75.26,75.5,75.02,75.18,2410677
2023-03-24,BOREAL,75.18,75.39,75.17,75.27,2489646
2023-03-27,BOREAL,75.27,75.36,74.11,74.25,889959
2023-03-28,BOREAL,74.25,74.52,73.72,74.13,2689330
2023-03-29,BOREAL,74.13,75.07,73.81,74.82,1951702
2023-03-30,BOREAL,74.82,76.1,74.12,75.69,214102
2023-03-31,BOREAL,75.69,76.98,75.59,76.94,1520395
2023-04-03,BOREAL,76.94,77.04,75.69,76.19,3532925
2023-04-04,BOREAL,76.19,76.27,75.65,75.73,1937034
2023-04-05,BOREAL,75.73,76.64,75.38,76.54,2457584
2023-04-06,BOREAL,76.54,78.32,75.91,77.94,2918058
2023-04-07,BOREAL,77.94,77.95,76.47,76.68,2116829
2023-04-10,BOREAL,76.68,76.77,74.94,75.4,2609086
2023-04-11,BOREAL,75.4,75.88,75.16,75.67,1937527
2023-04-12,BOREAL,75.67,77.04,75.46,76.71,2090540
2023-04-13,BOREAL,76.71,77.98,76.32,77.8,1480287
2023-04-14,BOREAL,77.8,78.07,76.5,76.66,2102075
2023-04-17,BOREAL,76.66,77.7,76.35,77.29,1708585
2023-04-18,BOREAL,77.29,77.63,76.19,76.48,3573111
2023-04-19,BOREAL,76.48,76.51,75.92,76.44,1661153
2023-04-20,BOREAL,76.44,76.93,76.36,76.76,2023037
2023-04-21,BOREAL,76.76,77.33,76.42,77.24,573824
2023-04-24,BOREAL,77.24,78.32,77.12,78.16,2000549
2023-04-25,BOREAL,78.16,78.69,77.66,78.41,1752565
2023-04-26,BOREAL,78.41,79.86,77.96,79.81,2919886
2023-04-27,BOREAL,79.81,80.17,79.62,80.13,2085602
2023-04-28,BOREAL,80.13,80.4,79.77,80.4,2983366
2023-05-01,BOREAL,80.4,80.71,79.25,79.31,2553335
2023-05-02,BOREAL,79.31,80.74,78.85,80.23,3515334
2023-05-03,BOREAL,80.23,80.93,79.93,80.03,2313552
2023-05-04,BOREAL,80.03,80.57,77.53,77.57,4300700
2023-05-05,BOREAL,77.57,78.35,77.32,78.32,2248114
2023-05-08,BOREAL,78.32,78.43,77.39,77.43,3360220
2023-05-09,BOREAL,77.43,77.63,77.06,77.62,1587668
2023-05-10,BOREAL,77.62,77.65,77.03,77.25,2699946
2023-05-11,BOREAL,77.25,77.58,77,77.09,2201013
2023-05-12,BOREAL,77.09,77.27,72.23,72.63,5541574
2023-05-15,BOREAL,72.63,72.94,72.02,72.04,2583784
2023-05-16,BOREAL,72.04,74.19,71.49,73.69,1966652
2023-05-17,BOREAL,73.69,74.16,73.57,73.86,2421498
2023-05-18,BOREAL,73.86,74.08,72.63,73.25,2410765
2023-05-19,BOREAL,73.25,73.42,72.78,73.27,1774514
2023-05-22,BOREAL,73.27,73.38,72.77,72.87,3339719
2023-05-23,BOREAL,72.87,72.99,70.56,70.61,4683016
2023-05-24,BOREAL,70.61,70.69,70.21,70.64,1875034
2023-05-25,BOREAL,70.64,70.83,70.38,70.74,1342961
2023-05-26,BOREAL,70.74,71.24,70.7,71.03,2112451
2023-05-29,BOREAL,71.03,71.26,71.01,71.06,2602234
2023-05-30,BOREAL,71.06,71.2,70.25,70.52,2707094
2023-05-31,BOREAL,70.52,71.77,70.45,71.56,3634522
2023-06-01,BOREAL,71.56,72.09,70.91,71.3,1391048
2023-06-02,BOREAL,71.3,71.39,70.98,71.19,1097014
2023-06-05,BOREAL,71.19,73.2,71.18,72.72,2083187
2023-06-06,BOREAL,72.72,73.52,72.39,73.31,3331785
2023-06-07,BOREAL,73.31,74.52,73.29,74.13,2379563
2023-06-08,BOREAL,74.13,74.23,72.23,72.87,1478722
2023-06-09,BOREAL,72.87,73.7,72.7,73.13,2523970
2023-06-12,BOREAL,73.13,73.13,72.68,72.8,1892353
2023-06-13,BOREAL,72.8,73.26,71.03,71.3,3168030
2023-06-14,BOREAL,71.3,71.43,70.49,71.25,2107645
2023-06-15,BOREAL,71.25,71.84,70.7,70.79,2751636
2023-06-16,BOREAL,70.79,71.45,70.64,71.02,510247
2023-06-19,BOREAL,71.02,71.07,69.92,70.46,2725225
2023-06-20,BOREAL,70.46,72.22,70.3,72.21,1715695
2023-06-21,BOREAL,72.21,72.48,72.16,72.21,1234690
2023-06-22,BOREAL,72.21,72.35,71.2,71.51,2363521
2023-06-23,BOREAL,71.51,72.9,71.42,72.38,1923325
2023-06-26,BOREAL,72.38,72.58,72.06,72.14,2503035
2023-06-27,BOREAL,72.14,72.32,71.82,72.24,1846126
2023-06-28,BOREAL,72.24,72.45,71.48,71.92,1296788
2023-06-29,BOREAL,71.92,72.15,70.24,70.41,2645624
2023-06-30,BOREAL,70.41,70.44,68.45,69.06,2973957
2023-07-03,BOREAL,69.06,69.5,68.81,68.9,1807124
2023-07-04,BOREAL,68.9,69.39,68.67,68.71,1338491
2023-07-05,BOREAL,68.71,69.92,68.55,69.67,2754114
2023-07-06,BOREAL,69.67,69.85,69.19,69.42,2615032
2023-07-07,BOREAL,69.42,69.45,68.9,68.96,2869006
2023-07-10,BOREAL,68.96,69.17,68.55,68.74,597457
2023-07-11,BOREAL,68.74,69.58,68.25,69.34,2763045
2023-07-12,BOREAL,69.34,69.62,67.51,67.87,946750
2023-07-13,BOREAL,67.87,69.3,67.86,68.57,1148600
2023-07-14,BOREAL,68.57,68.75,68.24,68.28,2498653
2023-07-17,BOREAL,68.28,69.81,67.9,69.8,2729765
2023-07-18,BOREAL,69.8,71.25,69.66,70.61,2012603
2023-07-19,BOREAL,70.61,71.03,69.96,70.27,2739072
2023-07-20,BOREAL,70.27,70.83,68.33,68.65,3018154
2023-07-21,BOREAL,68.65,68.91,68.38,68.48,2174259
2023-07-24,BOREAL,68.48,68.68,67.95,68.15,2098683
2023-07-25,BOREAL,68.15,68.43,67.52,67.98,2028261
2023-07-26,BOREAL,67.98,68.02,66.57,66.76,3382389
2023-07-27,BOREAL,66.76,66.94,66.13,66.14,1288383
2023-07-28,BOREAL,66.14,66.34,65.24,65.44,2889976
2023-07-31,BOREAL,65.44,65.71,65.26,65.49,854397
2023-08-01,BOREAL,65.49,66.7,65.42,66.68,2005716
2023-08-02,BOREAL,66.68,66.75,66.13,66.47,2006661
2023-08-03,BOREAL,66.47,67,65.65,65.73,1525564
2023-08-04,BOREAL,65.73,66.22,65.41,66.1,1863358
2023-08-07,BOREAL,66.1,66.25,65.9,66.06,762358
2023-08-08,BOREAL,66.06,66.42,65.02,65.31,1749386
2023-08-09,BOREAL,65.31,65.81,64.79,65.05,2650572
2023-08-10,BOREAL,65.05,65.28,64.13,64.17,2105733
2023-08-11,BOREAL,64.17,64.27,63.82,63.92,1486296
2023-08-14,BOREAL,63.92,65.03,63.79,64.94,2095819
2023-08-15,BOREAL,64.94,65.1,64.33,64.35,3185209
2023-08-16,BOREAL,64.35,64.49,63.57,63.96,1766820
2023-08-17,BOREAL,63.96,65.13,63.76,65.02,2374725
2023-08-18,BOREAL,65.02,65.48,64.91,65.28,1222045
2023-08-21,BOREAL,65.28,65.64,64.88,65.63,2354061
2023-08-22,BOREAL,65.63,65.63,65.21,65.52,2818142
2023-08-23,BOREAL,65.52,65.91,64.42,64.61,4092685
2023-08-24,BOREAL,64.61,65.25,63.78,64.09,2780757
2023-08-25,BOREAL,64.09,64.19,63.39,63.41,3686336
2023-08-28,BOREAL,63.41,64.55,63.38,64.46,2705207
2023-08-29,BOREAL,64.46,64.67,64.27,64.44,1622147
2023-08-30,BOREAL,64.44,65.33,64.28,64.95,2815615
2023-08-31,BOREAL,64.95,66.06,64.42,65.74,2952680
2023-09-01,BOREAL,65.74,65.84,64.96,65.08,2660128
2023-09-04,BOREAL,65.08,66.82,64.57,66.68,2415131
2023-09-05,BOREAL,66.68,68.47,66.53,67.99,2388025
2023-09-06,BOREAL,67.99,69.54,67.7,69.14,3110034
2023-09-07,BOREAL,69.14,70.12,68.73,69.69,1955012
2023-09-08,BOREAL,69.69,69.84,68.84,69.11,2202174
2023-09-11,BOREAL,69.11,70,68.97,69.4,1649868
2023-09-12,BOREAL,69.4,69.59,68.37,68.49,1339588
2023-09-13,BOREAL,68.49,70.51,68.47,70.42,2545249
2023-09-14,BOREAL,70.42,72.21,70.34,71.55,3026959
2023-09-15,BOREAL,71.55,71.85,71.14,71.22,2640028
2023-09-18,BOREAL,71.22,71.75,70.86,71.14,2524529
2023-09-19,BOREAL,71.14,71.68,70.65,71.4,49144
2023-09-20,BOREAL,71.4,73.82,71.28,73.53,1639855
2023-09-21,BOREAL,73.53,73.62,71.69,71.97,2185749
2023-09-22,BOREAL,71.97,72.54,71.53,72.31,1878747
2023-09-25,BOREAL,72.31,73.58,72.16,73.38,2671489
2023-09-26,BOREAL,73.38,73.72,73.2,73.65,2030439
2023-09-27,BOREAL,73.65,73.99,73.13,73.93,3032421
2023-09-28,BOREAL,73.93,74.5,73.86,74.01,2185708
2023-09-29,BOREAL,74.01,74.58,72.33,72.6,1752747
2023-10-02,BOREAL,72.6,72.73,72.4,72.72,1664865
2023-10-03,BOREAL,72.72,73.86,72.51,73.75,2806848
2023-10-04,BOREAL,73.75,74.04,73.19,73.46,1231759
2023-10-05,BOREAL,73.46,73.72,72.12,72.17,2275728
2023-10-06,BOREAL,72.17,72.28,71.45,71.76,1744713
2023-10-09,BOREAL,71.76,71.96,71.05,71.06,2148469
2023-10-10,BOREAL,71.06,71.14,69.49,69.73,2722078
2023-10-11,BOREAL,69.73,70.17,69.51,69.71,2154045
2023-10-12,BOREAL,69.71,70.99,69.57,70.73,2037438
2023-10-13,BOREAL,70.73,72.11,70.57,71.65,4209049
2023-10-16,BOREAL,71.65,71.96,71.19,71.72,2650037
2023-10-17,BOREAL,71.72,72.59,71.67,72.34,3092993
2023-10-18,BOREAL,72.34,72.8,72.1,72.15,1676124
2023-10-19,BOREAL,72.15,73.25,71.99,73.09,3180106
2023-10-20,BOREAL,73.09,73.34,72.55,73.22,1783485
2023-10-23,BOREAL,73.22,74.29,73.11,74.23,2470099
2023-10-24,BOREAL,74.23,74.65,73.35,73.72,2379123
2023-10-25,BOREAL,73.72,74.03,72.12,72.31,4369976
2023-10-26,BOREAL,72.31,73.1,71.81,72.42,2133778
2023-10-27,BOREAL,72.42,72.86,72.08,72.74,2806618
2023-10-30,BOREAL,72.74,73.38,71.95,72,1705647
2023-10-31,BOREAL,72,72.2,70.06,70.64,1747221
2023-11-01,BOREAL,70.64,71.2,70.42,71.2,1137693
2023-11-02,BOREAL,71.2,71.74,71.11,71.45,2439882
2023-11-03,BOREAL,71.45,72.82,70.93,72.73,2248986
2023-11-06,BOREAL,72.73,73.02,71.59,71.91,2662714
2023-11-07,BOREAL,71.91,72.08,70.89,71.19,3084289
2023-11-08,BOREAL,71.19,71.49,69.27,69.74,4116512
2023-11-09,BOREAL,69.74,70.07,68.7,68.84,3364612
2023-11-10,BOREAL,68.84,70.58,68.76,70.08,2164007
2023-11-13,BOREAL,70.08,70.11,69.44,69.48,1405306
2023-11-14,BOREAL,69.48,69.64,67.92,68.25,2277918
2023-11-15,BOREAL,68.25,68.86,68.24,68.81,1486464
2023-11-16,BOREAL,68.81,70.34,68.5,69.79,2576534
2023-11-17,BOREAL,69.79,69.85,68.34,68.71,3210146
2023-11-20,BOREAL,68.71,68.98,68.71,68.96,2546611
2023-11-21,BOREAL,68.96,69.26,67.66,67.87,1427097
2023-11-22,BOREAL,67.87,68.06,66.01,66.31,2208516
2023-11-23,BOREAL,66.31,67.15,65.63,67.04,2647466
2023-11-24,BOREAL,67.04,67.13,65.91,66.11,2436696
2023-11-27,BOREAL,66.11,67.56,66.09,67.48,3341811
2023-11-28,BOREAL,67.48,68.18,67.11,67.24,2389499
2023-11-29,BOREAL,67.24,67.26,66.22,66.31,1408455
2023-11-30,BOREAL,66.31,66.73,65.96,66.51,2807677
2023-12-01,BOREAL,66.51,67.39,66.48,67.33,2667944
2023-12-04,BOREAL,67.33,67.33,66.5,66.57,1287666
2023-12-05,BOREAL,66.57,68.11,66.44,67.95,2869514
2023-12-06,BOREAL,67.95,68.16,66.18,66.25,3171784
2023-12-07,BOREAL,66.25,67,66.23,66.78,2908674
2023-12-08,BOREAL,66.78,66.92,65.85,66.06,2786532
2023-12-11,BOREAL,66.06,67.27,65.87,67.22,3639981
2023-12-12,BOREAL,67.22,67.47,66.86,67.14,3099560
2023-12-13,BOREAL,67.14,68.71,66.77,68.3,4132656
2023-12-14,BOREAL,68.3,69.67,68.05,69.32,3952805
2023-12-15,BOREAL,69.32,70.89,69.05,70.61,2504479
2023-12-18,BOREAL,70.61,71.17,70.41,70.8,2642416
2023-12-19,BOREAL,70.8,70.87,70.12,70.16,1701162
2023-12-20,BOREAL,70.16,70.49,69.79,69.82,3083763
2023-12-21,BOREAL,69.82,70.58,69.46,70.17,2481640
2023-12-22,BOREAL,70.17,70.33,69.95,70.32,1177418
2023-12-25,BOREAL,70.32,71.12,70.07,70.82,2172946
2023-12-26,BOREAL,70.82,71.13,70.1,70.52,2765729
2023-12-27,BOREAL,70.52,70.73,70.14,70.35,1854158
2023-12-28,BOREAL,70.35,72.8,69.95,72.37,3790813
2023-12-29,BOREAL,72.37,72.67,72.27,72.54,2137555
2024-01-01,BOREAL,72.54,73.56,71.84,73.5,1596535
2024-01-02,BOREAL,73.5,75.03,73.36,74.82,3229608
2024-01-03,BOREAL,74.82,74.92,73.26,73.78,2662376
2024-01-04,BOREAL,73.78,73.94,73.21,73.46,2169678
2024-01-05,BOREAL,73.46,75.08,73.44,74.7,2980406
2024-01-08,BOREAL,74.7,74.74,74.65,74.74,3263227
2024-01-09,BOREAL,74.74,75.11,74.66,75.06,2124741
2024-01-10,BOREAL,75.06,75.94,74.94,75.78,1928513
2024-01-11,BOREAL,75.78,75.88,74.91,74.98,1302826
2024-01-12,BOREAL,74.98,75.56,74.95,75.33,378656
2024-01-15,BOREAL,75.33,75.52,72.24,72.3,4674792
2024-01-16,BOREAL,72.3,72.55,70.29,70.72,2744740
2024-01-17,BOREAL,70.72,71.31,70.26,71.16,2456353
2024-01-18,BOREAL,71.16,72.75,70.69,72.7,1579423
2024-01-19,BOREAL,72.7,74.27,72.57,74.06,1661129
2024-01-22,BOREAL,74.06,74.62,73.91,74.32,2015420
2024-01-23,BOREAL,74.32,74.49,73.68,74.14,2167048
2024-01-24,BOREAL,74.14,75.42,73.73,75.31,2539394
2024-01-25,BOREAL,75.31,76.45,75.18,75.89,1344887
2024-01-26,BOREAL,75.89,75.98,75.38,75.67,2186936
2024-01-29,BOREAL,75.67,75.77,74.35,74.6,2824549
2024-01-30,BOREAL,74.6,74.72,74.09,74.25,1476378
2024-01-31,BOREAL,74.25,74.48,73.84,74.32,546217
2024-02-01,BOREAL,74.32,75.27,73.44,75.07,2998151
2024-02-02,BOREAL,75.07,75.15,73.27,73.75,2110974
2024-02-05,BOREAL,73.75,75.23,73.6,74.97,2373642
2024-02-06,BOREAL,74.97,75.21,73.87,74.27,2273207
2024-02-07,BOREAL,74.27,74.47,73.14,73.42,2178404
2024-02-08,BOREAL,73.42,73.51,72.42,72.67,1409307
2024-02-09,BOREAL,72.67,72.79,72.14,72.25,1971633
2024-02-12,BOREAL,72.25,72.28,71.13,71.33,2356099
2024-02-13,BOREAL,71.33,71.75,70.35,70.57,3690232
2024-02-14,BOREAL,70.57,70.67,69.87,70.01,3112091
2024-02-15,BOREAL,70.01,71.28,69.47,70.96,1751249
2024-02-16,BOREAL,70.96,71.22,70.16,70.21,3447379
2024-02-19,BOREAL,70.21,70.36,69.13,69.34,2427208
2024-02-20,BOREAL,69.34,70.37,69.08,70.09,1602382
2024-02-21,BOREAL,70.09,71.34,69.52,70.88,2926703
2024-02-22,BOREAL,70.88,71.36,70.15,70.21,1455185
2024-02-23,BOREAL,70.21,70.34,70.09,70.3,1636743
2024-02-26,BOREAL,70.3,70.53,68.56,68.79,1375027
2024-02-27,BOREAL,68.79,68.89,68.58,68.61,1910299
2024-02-28,BOREAL,68.61,68.79,68.3,68.49,2171636
2024-02-29,BOREAL,68.49,69.23,67.64,67.98,2246666
2024-03-01,BOREAL,67.98,68.38,67,67.02,3428999
2024-03-04,BOREAL,67.02,67.96,66.93,67.91,649776
2024-03-05,BOREAL,67.91,67.99,67.18,67.23,2306162
2024-03-06,BOREAL,67.23,69.18,67.2,68.63,2940812
2024-03-07,BOREAL,68.63,68.85,68.02,68.5,2310166
2024-03-08,BOREAL,68.5,68.51,68.18,68.21,1185013
2024-03-11,BOREAL,68.21,68.58,67.97,68.14,2566834
2024-03-12,BOREAL,68.14,69.32,68.03,68.91,2903044
2024-03-13,BOREAL,68.91,69.58,68.73,69.55,3445159
2024-03-14,BOREAL,69.55,70.74,69.34,70.53,2319145
2024-03-15,BOREAL,70.53,72,69.79,71.73,2143851
2024-03-18,BOREAL,71.73,72.33,70.25,70.79,2777196
2024-03-19,BOREAL,70.79,72.52,70.56,72.48,3476080
2024-03-20,BOREAL,72.48,72.82,72.05,72.25,799307
2024-03-21,BOREAL,72.25,72.47,71.63,71.77,1831969
2024-03-22,BOREAL,71.77,71.84,70.92,71.1,1274758
2024-03-25,BOREAL,71.1,71.46,71.07,71.29,1818809
2024-03-26,BOREAL,71.29,71.95,69.72,69.94,2983432
2024-03-27,BOREAL,69.94,69.95,69.24,69.38,2534605
2024-03-28,BOREAL,69.38,69.5,68.19,68.35,962576
2024-03-29,BOREAL,68.35,68.48,66.35,66.59,1004361
2024-04-01,BOREAL,66.59,66.76,66.5,66.51,2383267
2024-04-02,BOREAL,66.51,67.28,66.47,66.97,2173360
2024-04-03,BOREAL,66.97,67.21,65.86,66.03,2411715
2024-04-04,BOREAL,66.03,66.33,65.23,65.3,2147997
2024-04-05,BOREAL,65.3,65.36,64.69,64.78,2061480
2024-04-08,BOREAL,64.78,65.27,64.72,65.19,2512071
2024-04-09,BOREAL,65.19,66.04,64.94,65.9,2544543
2024-04-10,BOREAL,65.9,66.04,65.03,65.16,2880914
2024-04-11,BOREAL,65.16,65.97,65.06,65.82,1499511
2024-04-12,BOREAL,65.82,66.14,64.04,64.06,5330220
2024-04-15,BOREAL,64.06,64.11,63.53,63.73,3690676
2024-04-16,BOREAL,63.73,64.3,63.69,63.97,2296672
2024-04-17,BOREAL,63.97,66.74,63.78,66.69,3692134
2024-04-18,BOREAL,66.69,67.58,66.43,67.47,2726658
2024-04-19,BOREAL,67.47,67.6,66.45,67.12,758569
2024-04-22,BOREAL,67.12,67.18,66.68,66.77,1228050
2024-04-23,BOREAL,66.77,66.79,65.51,65.52,2555668
2024-04-24,BOREAL,65.52,65.76,65.44,65.56,2024407
2024-04-25,BOREAL,65.56,65.58,64.98,65.1,2540593
2024-04-26,BOREAL,65.1,65.55,64.85,65.46,2114581
2024-04-29,BOREAL,65.46,66.33,65.13,66.14,1630519
2024-04-30,BOREAL,66.14,66.18,64.72,65.23,2934273
2024-05-01,BOREAL,65.23,66.73,65.23,66.62,3438628
2024-05-02,BOREAL,66.62,67.18,66.36,67.07,1993343
2024-05-03,BOREAL,67.07,67.1,65.56,65.58,1889860
2024-05-06,BOREAL,65.58,66.92,65.11,66.74,3958752
2024-05-07,BOREAL,66.74,67.06,66.42,66.46,2048159
2024-05-08,BOREAL,66.46,66.59,65.67,65.68,2537660
2024-05-09,BOREAL,65.68,66.21,65.23,65.95,2374775
2024-05-10,BOREAL,65.95,66.86,65.25,66.43,1866987
2024-05-13,BOREAL,66.43,67.37,66.35,67.24,1056524
2024-05-14,BOREAL,67.24,67.25,65.59,66.08,985833
2024-05-15,BOREAL,66.08,66.17,64.3,64.81,1691950
2024-05-16,BOREAL,64.81,64.86,64.48,64.51,2180544
2024-05-17,BOREAL,64.51,64.81,63.95,64.02,3397740
2024-05-20,BOREAL,64.02,64.05,63.28,63.66,1370906
2024-05-21,BOREAL,63.66,63.68,62.68,62.73,1317319
2024-05-22,BOREAL,62.73,64.31,62.38,64.19,1635746
2024-05-23,BOREAL,64.19,64.2,63.63,63.73,611195
2024-05-24,BOREAL,63.73,64.95,63.44,64.82,2577199
2024-05-27,BOREAL,64.82,65.1,64.57,64.63,1400995
2024-05-28,BOREAL,64.63,65.17,62.9,62.91,3791193
2024-05-29,BOREAL,62.91,63.28,61.58,61.85,2265577
2024-05-30,BOREAL,61.85,62.6,59.45,60.26,2384068
2024-05-31,BOREAL,60.26,60.52,59.37,59.39,1559778
2024-06-03,BOREAL,59.39,59.77,58.07,58.28,1717250
2024-06-04,BOREAL,58.28,58.3,57.77,58.01,2284088
2024-06-05,BOREAL,58.01,58.1,56.71,56.92,3667490
2024-06-06,BOREAL,56.92,57.11,56.59,56.7,3598462
2024-06-07,BOREAL,56.7,57.03,56.42,56.94,1158268
2024-06-10,BOREAL,56.94,57.39,56.77,57.31,931424
2024-06-11,BOREAL,57.31,57.85,55.41,55.71,1320878
2024-06-12,BOREAL,55.71,55.98,54.84,55.03,3028180
2024-06-13,BOREAL,55.03,55.3,54.85,55.16,2298705
2024-06-14,BOREAL,55.16,56.12,55.13,56.06,3579053
2024-06-17,BOREAL,56.06,56.18,55.04,55.12,1678507
2024-06-18,BOREAL,55.12,55.15,55.09,55.09,2787981
2024-06-19,BOREAL,55.09,55.2,54.67,54.8,1746095
2024-06-20,BOREAL,54.8,55.23,54.41,54.68,2044643
2024-06-21,BOREAL,54.68,54.68,54.21,54.21,2042821
2024-06-24,BOREAL,54.21,54.42,54.02,54.04,3089953
2024-06-25,BOREAL,54.04,54.32,53.95,54.26,1718569
2024-06-26,BOREAL,54.26,54.57,53.76,54.39,1566276
2024-06-27,BOREAL,54.39,54.53,53.88,54,1892388
2024-06-28,BOREAL,54,54.06,53.92,53.96,2122841
2024-07-01,BOREAL,53.96,54.1,53.76,53.77,661466
2024-07-02,BOREAL,53.77,53.83,53.18,53.59,2631970
2024-07-03,BOREAL,53.59,53.64,52.68,52.8,1232952
2024-07-04,BOREAL,52.8,52.88,52.17,52.36,1319968
2024-07-05,BOREAL,52.36,53.24,52.19,52.98,2310070
2024-07-08,BOREAL,52.98,53.73,52.86,53.55,2793891
2024-07-09,BOREAL,53.55,53.71,52.95,53.01,2503267
2024-07-10,BOREAL,53.01,53.98,52.77,53.98,2621369
2024-07-11,BOREAL,53.98,54.29,53.78,53.86,1196139
2024-07-12,BOREAL,53.86,54.37,53.72,54.02,2104927
2024-07-15,BOREAL,54.02,54.1,53.8,53.94,2022566
2024-07-16,BOREAL,53.94,54.49,53.8,54.33,2747144
2024-07-17,BOREAL,54.33,54.44,54.19,54.26,828766
2024-07-18,BOREAL,54.26,55.28,54.15,54.99,2230055
2024-07-19,BOREAL,54.99,55.34,54.46,54.7,1829035
2024-07-22,BOREAL,54.7,55.21,54.41,55.09,1554924
2024-07-23,BOREAL,55.09,55.5,54.51,54.87,2632444
2024-07-24,BOREAL,54.87,55.45,54.63,54.94,1858454
2024-07-25,BOREAL,54.94,55.51,54.65,55.35,1311355
2024-07-26,BOREAL,55.35,55.75,55.17,55.63,3413240
2024-07-29,BOREAL,55.63,56.93,55.39,56.9,2730810
2024-07-30,BOREAL,56.9,57.97,56.73,57.83,2671501
2024-07-31,BOREAL,57.83,59.35,57.61,58.99,1301525
2024-08-01,BOREAL,58.99,59.08,58.71,58.82,2502306
2024-08-02,BOREAL,58.82,58.9,57.31,57.63,2441134
2024-08-05,BOREAL,57.63,59.65,57.57,59.43,3996061
2024-08-06,BOREAL,59.43,59.51,58.82,59.01,2364725
2024-08-07,BOREAL,59.01,59.37,57.34,57.65,2806275
2024-08-08,BOREAL,57.65,58.29,57.63,57.97,2205828
2024-08-09,BOREAL,57.97,58.53,57.97,58.38,2207721
2024-08-12,BOREAL,58.38,58.76,57.71,57.79,3864548
2024-08-13,BOREAL,57.79,57.8,57.22,57.38,1815034
2024-08-14,BOREAL,57.38,58.03,57.35,57.97,3069287
2024-08-15,BOREAL,57.97,59.01,57.81,58.92,492464
2024-08-16,BOREAL,58.92,59.37,57.83,57.96,2056826
2024-08-19,BOREAL,57.96,59.34,57.72,59.25,1538294
2024-08-20,BOREAL,59.25,59.48,59.22,59.44,631864
2024-08-21,BOREAL,59.44,59.66,58.85,58.96,2662012
2024-08-22,BOREAL,58.96,58.99,57.73,57.81,3903496
2024-08-23,BOREAL,57.81,58.72,57.69,58.28,1298628
2024-08-26,BOREAL,58.28,58.56,58,58.47,2635689
2024-08-27,BOREAL,58.47,58.74,57.55,57.67,3272646
2024-08-28,BOREAL,57.67,57.9,57.59,57.76,650
2024-08-29,BOREAL,57.76,58.19,56.86,57.16,1118098
2024-08-30,BOREAL,57.16,57.76,57.08,57.69,3576067
2024-09-02,BOREAL,57.69,57.81,56.97,57.22,2486493
2024-09-03,BOREAL,57.22,57.59,56.9,57.43,1768424
2024-09-04,BOREAL,57.43,57.83,56.99,57.75,1824648
2024-09-05,BOREAL,57.75,59.62,57.52,59.4,3534031
2024-09-06,BOREAL,59.4,59.6,59.2,59.55,1737333
2024-09-09,BOREAL,59.55,59.78,59.55,59.59,2255011
2024-09-10,BOREAL,59.59,60.1,58.95,59.78,1709662
2024-09-11,BOREAL,59.78,59.86,59.04,59.58,2300119
2024-09-12,BOREAL,59.58,59.94,58.8,59.06,3475300
2024-09-13,BOREAL,59.06,59.6,58.73,58.89,2216050
2024-09-16,BOREAL,58.89,59.02,57.92,58.26,4345165
2024-09-17,BOREAL,58.26,58.93,58.26,58.65,2205279
2024-09-18,BOREAL,58.65,58.89,57.52,57.9,2054637
2024-09-19,BOREAL,57.9,58.26,57.23,57.4,2579827
2024-09-20,BOREAL,57.4,58.3,56.73,58.13,2924091
2024-09-23,BOREAL,58.13,59.14,57.99,59.02,3584314
2024-09-24,BOREAL,59.02,59.53,58.72,59.11,1067007
2024-09-25,BOREAL,59.11,59.32,55.35,55.53,3644726
2024-09-26,BOREAL,55.53,55.62,55.48,55.61,1309214
2024-09-27,BOREAL,55.61,56.27,54.85,55.95,1872996
2024-09-30,BOREAL,55.95,56.16,55.45,55.71,2402052
2024-10-01,BOREAL,55.71,56.72,55.37,56.49,2284964
2024-10-02,BOREAL,56.49,57.55,56.36,57.54,2815121
2024-10-03,BOREAL,57.54,57.56,56.31,56.48,1568276
2024-10-04,BOREAL,56.48,56.75,56.05,56.19,2608343
2024-10-07,BOREAL,56.19,57.48,55.97,57.27,3869493
2024-10-08,BOREAL,57.27,57.63,57.03,57.58,2598342
2024-10-09,BOREAL,57.58,57.74,57.43,57.57,1677322
2024-10-10,BOREAL,57.57,58.23,57.26,58.23,1413091
2024-10-11,BOREAL,58.23,58.35,57.72,57.89,2290074
2024-10-14,BOREAL,57.89,58.44,57.35,57.4,1773747
2024-10-15,BOREAL,57.4,58.2,57.33,57.93,2546342
2024-10-16,BOREAL,57.93,57.98,57.81,57.92,1464675
2024-10-17,BOREAL,57.92,58.09,57.02,57.04,1966301
2024-10-18,BOREAL,57.04,57.47,56.86,57.43,3618889
2024-10-21,BOREAL,57.43,57.55,56.58,56.65,2873547
2024-10-22,BOREAL,56.65,56.89,55.83,56.02,2283568
2024-10-23,BOREAL,56.02,56.78,55.73,56.58,1776664
2024-10-24,BOREAL,56.58,57.04,56.52,56.73,1810044
2024-10-25,BOREAL,56.73,57.21,56.65,56.87,2768983
2024-10-28,BOREAL,56.87,56.95,56.24,56.47,2108335
2024-10-29,BOREAL,56.47,57.14,56.31,57.01,2325517
2024-10-30,BOREAL,57.01,57.02,56.11,56.45,2324794
2024-10-31,BOREAL,56.45,56.65,56.25,56.26,691818
2024-11-01,BOREAL,56.26,56.38,55.72,55.95,2549804
2024-11-04,BOREAL,55.95,57.36,55.93,57.05,2948907
2024-11-05,BOREAL,57.05,57.35,56.86,57.23,2254903
2024-11-06,BOREAL,57.23,57.47,57.13,57.42,970726
2024-11-07,BOREAL,57.42,58.02,56.86,57.23,1538746
2024-11-08,BOREAL,57.23,57.55,57.1,57.4,2621499
2024-11-11,BOREAL,57.4,57.46,56.95,57.13,1291434
2024-11-12,BOREAL,57.13,57.14,57.05,57.13,2286487
2024-11-13,BOREAL,57.13,57.94,57.12,57.85,2554607
2024-11-14,BOREAL,57.85,57.94,56.97,57.31,2803405
2024-11-15,BOREAL,57.31,57.48,57.19,57.34,1428705
2024-11-18,BOREAL,57.34,57.45,56.71,57.23,1658998
2024-11-19,BOREAL,57.23,57.36,55.41,55.54,4241910
2024-11-20,BOREAL,55.54,55.65,54.71,54.84,3180539
2024-11-21,BOREAL,54.84,55.2,54.73,55.19,2768140
2024-11-22,BOREAL,55.19,55.43,53.69,54.01,1832655
2024-11-25,BOREAL,54.01,54.06,53.15,53.28,1468285
2024-11-26,BOREAL,53.28,53.36,52.93,53.03,1643112
2024-11-27,BOREAL,53.03,53.1,52.46,52.51,4134256
2024-11-28,BOREAL,52.51,52.78,51.49,51.68,2651955
2024-11-29,BOREAL,51.68,52.29,51.52,52.13,3233108
2023-01-02,CIRRUS,246,248.97,245.98,248.44,2477157
2023-01-03,CIRRUS,248.44,248.65,243.96,244.37,2819842
2023-01-04,CIRRUS,244.37,244.74,237.88,238.26,3262073
2023-01-05,CIRRUS,238.26,244.47,237.46,244.21,2315907
2023-01-06,CIRRUS,244.21,244.51,236.19,237.17,3504518
2023-01-09,CIRRUS,237.17,244.62,235.81,243.75,2065680
2023-01-10,CIRRUS,243.75,243.78,241.71,242.8,2796787
2023-01-11,CIRRUS,242.8,243.3,240.74,241.09,802266
2023-01-12,CIRRUS,241.09,242.19,240.72,240.9,2355449
2023-01-13,CIRRUS,240.9,245.36,240.52,245.11,3653086
2023-01-16,CIRRUS,245.11,256.58,243.8,255.15,4639528
2023-01-17,CIRRUS,255.15,257.67,255.01,256.68,1111782
2023-01-18,CIRRUS,256.68,260.84,256.68,260.14,2153743
2023-01-19,CIRRUS,260.14,267.16,257.57,266.88,3998039
2023-01-20,CIRRUS,266.88,266.97,265.57,266.51,2500553
2023-01-23,CIRRUS,266.51,266.57,252.23,252.61,4309173
2023-01-24,CIRRUS,252.61,254.03,250.88,252.31,1793767
2023-01-25,CIRRUS,252.31,252.53,251.68,251.8,1194062
2023-01-26,CIRRUS,251.8,252.32,246.24,246.72,3767293
2023-01-27,CIRRUS,246.72,258.42,246.72,258.02,3549476
2023-01-30,CIRRUS,258.02,263.27,257.38,262.43,2576122
2023-01-31,CIRRUS,262.43,262.5,250.91,250.91,3703819
2023-02-01,CIRRUS,250.91,251.84,247.78,248.51,2335606
2023-02-02,CIRRUS,248.51,249.54,245.94,246.73,2449594
2023-02-03,CIRRUS,246.73,248.07,246.7,247.5,1289878
2023-02-06,CIRRUS,247.5,251.12,247.26,249.49,2043620
2023-02-07,CIRRUS,249.49,249.68,244.18,245.8,3009212
2023-02-08,CIRRUS,245.8,250.05,244.98,249.79,1652317
2023-02-09,CIRRUS,249.79,250.47,245.33,246.63,2804835
2023-02-10,CIRRUS,246.63,255.99,245.02,255.07,2278944
2023-02-13,CIRRUS,255.07,255.67,250.6,252.61,2759836
2023-02-14,CIRRUS,252.61,253.91,242.96,243.93,3249176
2023-02-15,CIRRUS,243.93,243.95,236.68,237.68,2061733
2023-02-16,CIRRUS,237.68,244.3,237.25,242.33,1514128
2023-02-17,CIRRUS,242.33,242.7,241.67,242.3,1757114
2023-02-20,CIRRUS,242.3,243.76,238.63,240.45,3142197
2023-02-21,CIRRUS,240.45,241.36,234.91,235.69,3018964
2023-02-22,CIRRUS,235.69,236.85,234.24,235.74,1599146
2023-02-23,CIRRUS,235.74,244.17,235.15,243.12,3830908
2023-02-24,CIRRUS,243.12,252.92,242.87,251.91,4461834
2023-02-27,CIRRUS,251.91,253.85,250.88,253.67,2203019
2023-02-28,CIRRUS,253.67,253.97,248.61,249.27,3549526
2023-03-01,CIRRUS,249.27,254.7,247.9,253.25,2530760
2023-03-02,CIRRUS,253.25,259.73,252.46,259.08,2262497
2023-03-03,CIRRUS,259.08,259.3,254.9,256.1,2771378
2023-03-06,CIRRUS,256.1,256.19,251.14,251.79,2225585
2023-03-07,CIRRUS,251.79,251.93,247.56,248.59,1212425
2023-03-08,CIRRUS,248.59,252.95,248.28,250.45,2079942
2023-03-09,CIRRUS,250.45,251.92,249.49,251.33,840193
2023-03-10,CIRRUS,251.33,252.39,244.1,244.53,3106271
2023-03-13,CIRRUS,244.53,244.93,241.39,242.11,2871604
2023-03-14,CIRRUS,242.11,245.5,241.05,243.85,729541
2023-03-15,CIRRUS,243.85,244.76,240.16,240.34,3001176
2023-03-16,CIRRUS,240.34,249.35,239.84,247.86,2518735
2023-03-17,CIRRUS,247.86,248.56,238.91,240.61,289406
2023-03-20,CIRRUS,240.61,249.74,240,248.43,5353615
2023-03-21,CIRRUS,248.43,249.17,240.89,242.82,3433584
2023-03-22,CIRRUS,242.82,243.66,237.55,238.47,4290400
2023-03-23,CIRRUS,238.47,240.03,222.81,223.09,5173332
2023-03-24,CIRRUS,223.09,223.9,220.46,222.56,836190
2023-03-27,CIRRUS,222.56,229.66,222.01,229.4,3694516
2023-03-28,CIRRUS,229.4,230.66,226.78,227.04,2335982
2023-03-29,CIRRUS,227.04,230.87,226.92,230.71,2934444
2023-03-30,CIRRUS,230.71,231.09,224.07,224.48,2675654
2023-03-31,CIRRUS,224.48,226.46,224.12,225.35,3694936
2023-04-03,CIRRUS,225.35,226.11,220.06,220.68,2709396
2023-04-04,CIRRUS,220.68,220.82,215.85,216.05,2365548
2023-04-05,CIRRUS,216.05,224.49,214.66,223.2,3002265
2023-04-06,CIRRUS,223.2,228.21,221.91,227.51,2507766
2023-04-07,CIRRUS,227.51,229.11,224.25,224.6,2390837
2023-04-10,CIRRUS,224.6,232.92,223.61,231.95,4934733
2023-04-11,CIRRUS,231.95,232.13,230.7,231.51,2428305
2023-04-12,CIRRUS,231.51,234.85,229.47,234.75,1423342
2023-04-13,CIRRUS,234.75,237.98,234.13,237.89,1947126
2023-04-14,CIRRUS,237.89,239.73,231.94,232.72,2452088
2023-04-17,CIRRUS,232.72,233.66,225.49,226.96,5341137
2023-04-18,CIRRUS,226.96,227.84,221.1,221.94,4582934
2023-04-19,CIRRUS,221.94,226.76,221.2,226.43,2481521
2023-04-20,CIRRUS,226.43,229.83,225.73,229.56,2124006
2023-04-21,CIRRUS,229.56,229.76,222.06,222.65,3841719
2023-04-24,CIRRUS,222.65,223.09,220.21,220.47,2441045
2023-04-25,CIRRUS,220.47,222.02,219.78,221.77,2496783
2023-04-26,CIRRUS,221.77,224.65,221.74,224.17,2117226
2023-04-27,CIRRUS,224.17,225.21,219.34,220.64,3928949
2023-04-28,CIRRUS,220.64,221.64,213.35,214.15,1748599
2023-05-01,CIRRUS,214.15,214.58,209.76,209.84,3008644
2023-05-02,CIRRUS,209.84,215.26,209.55,213.93,2184977
2023-05-03,CIRRUS,213.93,215.5,212.76,213.7,3180759
2023-05-04,CIRRUS,213.7,214.61,207.27,208.11,2438943
2023-05-05,CIRRUS,208.11,210.55,207.65,210.26,1347728
2023-05-08,CIRRUS,210.26,210.71,209.49,210.57,2672105
2023-05-09,CIRRUS,210.57,210.94,206.42,207.85,3512793
2023-05-10,CIRRUS,207.85,213.32,207.21,212.33,2485823
2023-05-11,CIRRUS,212.33,212.69,209.03,209.54,2590025
2023-05-12,CIRRUS,209.54,209.68,206.04,206.05,3558750
2023-05-15,CIRRUS,206.05,207.36,204.97,206.16,1284529
2023-05-16,CIRRUS,206.16,212.42,205.69,212.23,3352472
2023-05-17,CIRRUS,212.23,212.47,210.07,210.6,1833108
2023-05-18,CIRRUS,210.6,210.87,208.13,208.43,1657147
2023-05-19,CIRRUS,208.43,209.13,207.29,207.34,1806595
2023-05-22,CIRRUS,207.34,209.73,206.45,208.87,2847080
2023-05-23,CIRRUS,208.87,214.96,208.77,214.69,2150421
2023-05-24,CIRRUS,214.69,215.6,202.54,204.65,4169557
2023-05-25,CIRRUS,204.65,205.75,200.42,200.99,2946222
2023-05-26,CIRRUS,200.99,210.37,199.88,210.1,6179201
2023-05-29,CIRRUS,210.1,210.33,205.96,207.4,3833530
2023-05-30,CIRRUS,207.4,210.29,207.17,209.57,3226803
2023-05-31,CIRRUS,209.57,209.82,202.53,203.58,2781893
2023-06-01,CIRRUS,203.58,204.43,196.41,197.5,4052014
2023-06-02,CIRRUS,197.5,198.68,196.72,197.43,722648
2023-06-05,CIRRUS,197.43,202.7,196.66,200.26,1311664
2023-06-06,CIRRUS,200.26,201.25,196.53,198.53,2784826
2023-06-07,CIRRUS,198.53,205.61,197.17,205.21,4845658
2023-06-08,CIRRUS,205.21,211.03,204.77,210.97,2800382
2023-06-09,CIRRUS,210.97,216.21,210.15,215.79,4032983
2023-06-12,CIRRUS,215.79,216.51,209.09,210.6,1997264
2023-06-13,CIRRUS,210.6,212.57,209.81,211.73,2773526
2023-06-14,CIRRUS,211.73,221.06,210.84,220.27,3143361
2023-06-15,CIRRUS,220.27,223.41,219.52,222.14,1817564
2023-06-16,CIRRUS,222.14,222.6,220.06,220.28,3466547
2023-06-19,CIRRUS,220.28,221.63,217.22,218.56,1069389
2023-06-20,CIRRUS,218.56,218.57,201.83,202.71,6164140
2023-06-21,CIRRUS,202.71,204.86,202.65,204.13,2407181
2023-06-22,CIRRUS,204.13,204.39,199.78,200.59,689107
2023-06-23,CIRRUS,200.59,201.21,194.18,195.53,3684316
2023-06-26,CIRRUS,195.53,197.12,195.06,196.06,1759313
2023-06-27,CIRRUS,196.06,197.1,184.78,186.99,3500423
2023-06-28,CIRRUS,186.99,194.61,186.9,193.99,2752339
2023-06-29,CIRRUS,193.99,196.75,193.96,195.75,2010354
2023-06-30,CIRRUS,195.75,201.98,195.54,201.48,4200170
2023-07-03,CIRRUS,201.48,201.83,194.17,195.13,1874867
2023-07-04,CIRRUS,195.13,195.91,193.88,195.75,1408605
2023-07-05,CIRRUS,195.75,196.35,192.37,192.95,3708544
2023-07-06,CIRRUS,192.95,193.89,190.16,190.75,1910072
2023-07-07,CIRRUS,190.75,191.69,189.81,191.34,1270874
2023-07-10,CIRRUS,191.34,192.59,188.05,189.79,1220022
2023-07-11,CIRRUS,189.79,191.2,188.29,188.8,1660688
2023-07-12,CIRRUS,188.8,188.93,184.35,185.71,1641682
2023-07-13,CIRRUS,185.71,194.04,185.03,192.3,1607479
2023-07-14,CIRRUS,192.3,192.62,189.12,189.63,2376169
2023-07-17,CIRRUS,189.63,190.33,186.36,187.78,2670282
2023-07-18,CIRRUS,187.78,189.19,186.29,186.79,1757837
2023-07-19,CIRRUS,186.79,190.74,186.68,189.71,2230976
2023-07-20,CIRRUS,189.71,190.07,189.17,189.63,1823392
2023-07-21,CIRRUS,189.63,190.38,188.88,190.31,2351925
2023-07-24,CIRRUS,190.31,196.85,189.78,196.34,832937
2023-07-25,CIRRUS,196.34,199.59,195.78,198.6,1884269
2023-07-26,CIRRUS,198.6,198.87,194.25,194.47,2718971
2023-07-27,CIRRUS,194.47,198.24,194.45,198.16,2102822
2023-07-28,CIRRUS,198.16,205.63,197.87,205.53,2200321
2023-07-31,CIRRUS,205.53,207.74,199.25,199.35,3851922
2023-08-01,CIRRUS,199.35,199.99,191.63,192.42,3141864
2023-08-02,CIRRUS,192.42,199.48,192.32,198.82,1989450
2023-08-03,CIRRUS,198.82,203.97,197.61,202.51,4832283
2023-08-04,CIRRUS,202.51,203.55,197.84,199.34,3048913
2023-08-07,CIRRUS,199.34,205.55,198.97,205.39,723484
2023-08-08,CIRRUS,205.39,206.63,204.86,206.51,923152
2023-08-09,CIRRUS,206.51,207.65,206.12,207.57,1839525
2023-08-10,CIRRUS,207.57,209.13,201.03,201.56,2672349
2023-08-11,CIRRUS,201.56,202.54,193.62,194.4,3882450
2023-08-14,CIRRUS,194.4,198.09,194.23,197.78,3254812
2023-08-15,CIRRUS,197.78,201.9,197.31,200.78,2614855
2023-08-16,CIRRUS,200.78,202.81,200.56,202.12,2544465
2023-08-17,CIRRUS,202.12,202.74,202.04,202.35,2926681
2023-08-18,CIRRUS,202.35,203.82,201.94,203.58,861580
2023-08-21,CIRRUS,203.58,212.58,201.32,212.55,4497237
2023-08-22,CIRRUS,212.55,212.7,212.34,212.53,2639314
2023-08-23,CIRRUS,212.53,213.15,204.32,204.72,4074995
2023-08-24,CIRRUS,204.72,213.48,204.39,212.9,1519522
2023-08-25,CIRRUS,212.9,213.97,202.68,203.41,3505431
2023-08-28,CIRRUS,203.41,204.63,202.91,204.45,1849803
2023-08-29,CIRRUS,204.45,211,204.44,210.39,2789687
2023-08-30,CIRRUS,210.39,210.77,209.43,209.49,2755404
2023-08-31,CIRRUS,209.49,209.52,203.43,204.31,4101813
2023-09-01,CIRRUS,204.31,204.79,201.42,201.48,2397090
2023-09-04,CIRRUS,201.48,202.68,198.66,199.82,3718739
2023-09-05,CIRRUS,199.82,203.78,199.37,203.76,2002873
2023-09-06,CIRRUS,203.76,204.46,201.88,202.84,2281991
2023-09-07,CIRRUS,202.84,203.19,201.41,202.84,1958647
2023-09-08,CIRRUS,202.84,203.6,196.29,197.92,2462141
2023-09-11,CIRRUS,197.92,202.94,197.2,202.43,3663595
2023-09-12,CIRRUS,202.43,202.81,194.05,195.27,2937136
2023-09-13,CIRRUS,195.27,195.69,189.13,190.65,1815028
2023-09-14,CIRRUS,190.65,196.79,190.42,196.01,4333308
2023-09-15,CIRRUS,196.01,196.4,190.48,191.52,1188858
2023-09-18,CIRRUS,191.52,195.47,190.47,195.23,932432
2023-09-19,CIRRUS,195.23,196.25,194.94,196.01,155258
2023-09-20,CIRRUS,196.01,196.54,185.99,187.48,4055398
2023-09-21,CIRRUS,187.48,189.5,186.51,189.43,2507227
2023-09-22,CIRRUS,189.43,194.78,189.13,194.72,5057263
2023-09-25,CIRRUS,194.72,198.15,194.44,197.24,3291087
2023-09-26,CIRRUS,197.24,197.68,183.72,185.25,3674449
2023-09-27,CIRRUS,185.25,185.25,182.64,183.61,3360885
2023-09-28,CIRRUS,183.61,186.68,183.25,186.45,4500171
2023-09-29,CIRRUS,186.45,187.57,184.9,185.56,2445567
2023-10-02,CIRRUS,185.56,186.93,184.06,186.47,2701501
2023-10-03,CIRRUS,186.47,189.14,185.04,188.8,1769413
2023-10-04,CIRRUS,188.8,194.71,188.19,193.58,3404128
2023-10-05,CIRRUS,193.58,193.94,192.18,192.47,1892467
2023-10-06,CIRRUS,192.47,194.5,191.33,194.44,1321452
2023-10-09,CIRRUS,194.44,195.04,193.28,193.77,2753717
2023-10-10,CIRRUS,193.77,204.27,193.67,202.43,6300918
2023-10-11,CIRRUS,202.43,204.19,200.96,203.69,3850877
2023-10-12,CIRRUS,203.69,206.56,203.29,205.88,3771892
2023-10-13,CIRRUS,205.88,209.43,205.4,208.83,3034711
2023-10-16,CIRRUS,208.83,208.9,206.94,206.96,2832451
2023-10-17,CIRRUS,206.96,207.41,205.6,205.62,1349669
2023-10-18,CIRRUS,205.62,211.62,205.01,211.31,3644167
2023-10-19,CIRRUS,211.31,211.95,206.18,206.19,2935200
2023-10-20,CIRRUS,206.19,211.49,206.03,211.12,2956359
2023-10-23,CIRRUS,211.12,211.36,205.73,206.7,2307545
2023-10-24,CIRRUS,206.7,211.3,206.44,210.95,2207559
2023-10-25,CIRRUS,210.95,211.04,210.15,210.29,1650860
2023-10-26,CIRRUS,210.29,214.22,209.61,212.84,2297880
2023-10-27,CIRRUS,212.84,214.73,212.62,213.71,765299
2023-10-30,CIRRUS,213.71,218.55,213.41,218.38,1317150
2023-10-31,CIRRUS,218.38,219.77,210.27,210.97,392032
2023-11-01,CIRRUS,210.97,211.52,208.09,209.56,2405536
2023-11-02,CIRRUS,209.56,217.02,208.9,215.23,3459819
2023-11-03,CIRRUS,215.23,216.79,214.2,214.95,2682184
2023-11-06,CIRRUS,214.95,216.07,211,212.53,2155872
2023-11-07,CIRRUS,212.53,212.62,211.59,212.3,1606659
2023-11-08,CIRRUS,212.3,213.21,211.02,212.98,1826994
2023-11-09,CIRRUS,212.98,213.06,209.99,210.28,3095660
2023-11-10,CIRRUS,210.28,217.66,209.32,216.89,2346721
2023-11-13,CIRRUS,216.89,222.67,215.99,222.07,4422405
2023-11-14,CIRRUS,222.07,222.12,218.31,218.86,2702646
2023-11-15,CIRRUS,218.86,218.96,216.56,217.26,1660665
2023-11-16,CIRRUS,217.26,223.99,216.9,223.56,4650785
2023-11-17,CIRRUS,223.56,223.67,217.86,218.44,3933001
2023-11-20,CIRRUS,218.44,218.57,213.5,213.5,2046813
2023-11-21,CIRRUS,213.5,213.77,206.51,207.08,2851022
2023-11-22,CIRRUS,207.08,208.11,203.99,204.41,3587288
2023-11-23,CIRRUS,204.41,205.54,201.51,201.57,2267845
2023-11-24,CIRRUS,201.57,202.89,196.23,196.35,3262469
2023-11-27,CIRRUS,196.35,196.85,192.38,192.99,4275929
2023-11-28,CIRRUS,192.99,193.5,190.45,191.64,1401404
2023-11-29,CIRRUS,191.64,191.8,185.93,186.92,2222927
2023-11-30,CIRRUS,186.92,188.03,184.34,184.38,2274746
2023-12-01,CIRRUS,184.38,186.71,183.57,186.29,3137703
2023-12-04,CIRRUS,186.29,186.43,181.67,181.84,2788008
2023-12-05,CIRRUS,181.84,183.48,177.24,178.51,2737745
2023-12-06,CIRRUS,178.51,179.89,177.76,178.08,638920
2023-12-07,CIRRUS,178.08,178.21,172.32,173.38,3491078
2023-12-08,CIRRUS,173.38,176.53,172.9,176.28,1854778
2023-12-11,CIRRUS,176.28,181.7,175.82,181.12,3002023
2023-12-12,CIRRUS,181.12,181.15,177.01,178,3254942
2023-12-13,CIRRUS,178,178.02,171.15,171.49,5439987
2023-12-14,CIRRUS,171.49,171.9,167.62,168.43,4008286
2023-12-15,CIRRUS,168.43,169.58,168.06,169.03,2588732
2023-12-18,CIRRUS,169.03,173.09,168.36,172.99,1126749
2023-12-19,CIRRUS,172.99,173.28,170.7,171.58,2511038
2023-12-20,CIRRUS,171.58,171.89,170.93,171.43,1203275
2023-12-21,CIRRUS,171.43,171.85,168.49,168.91,2005667
2023-12-22,CIRRUS,168.91,168.92,167.44,167.94,2697843
2023-12-25,CIRRUS,167.94,168.08,166.27,166.4,2224184
2023-12-26,CIRRUS,166.4,167.3,165.55,166.72,977488
2023-12-27,CIRRUS,166.72,167.73,163.17,164.06,1796414
2023-12-28,CIRRUS,164.06,167.91,163.85,167.65,2728491
2023-12-29,CIRRUS,167.65,167.71,166.31,167.16,1059221
2024-01-01,CIRRUS,167.16,167.39,165.06,165.88,2829078
2024-01-02,CIRRUS,165.88,171.87,165.13,170.99,1270337
2024-01-03,CIRRUS,170.99,171.65,167.29,167.42,1477723
2024-01-04,CIRRUS,167.42,167.52,163.94,164,2402422
2024-01-05,CIRRUS,164,166.23,163.3,166.02,2969970
2024-01-08,CIRRUS,166.02,166.09,164.12,164.43,1680120
2024-01-09,CIRRUS,164.43,164.96,161.6,161.94,2320168
2024-01-10,CIRRUS,161.94,162.56,158.91,159.5,1304058
2024-01-11,CIRRUS,159.5,168.06,159.16,167.17,4377566
2024-01-12,CIRRUS,167.17,167.29,165.73,165.73,2667849
2024-01-15,CIRRUS,165.73,167.64,165.24,166.72,744883
2024-01-16,CIRRUS,166.72,167.51,165.85,167.03,1784378
2024-01-17,CIRRUS,167.03,169.31,166.98,168.16,1943624
2024-01-18,CIRRUS,168.16,171.52,167.22,171.24,4001302
2024-01-19,CIRRUS,171.24,176.46,171.22,175.7,5720093
2024-01-22,CIRRUS,175.7,177.01,174.86,176.58,2770951
2024-01-23,CIRRUS,176.58,184.29,176.49,184.22,4291908
2024-01-24,CIRRUS,184.22,184.32,184.07,184.21,1221106
2024-01-25,CIRRUS,184.21,188.25,183.94,188.05,3552664
2024-01-26,CIRRUS,188.05,188.65,185.38,185.4,1618083
2024-01-29,CIRRUS,185.4,196.34,185.28,195.53,2820062
2024-01-30,CIRRUS,195.53,201.03,195.46,200.04,3523395
2024-01-31,CIRRUS,200.04,201.08,193.33,193.54,3968728
2024-02-01,CIRRUS,193.54,194.08,189.11,190.68,2859587
2024-02-02,CIRRUS,190.68,192.74,190.07,191.67,2520937
2024-02-05,CIRRUS,191.67,192.5,191.48,191.96,1344992
2024-02-06,CIRRUS,191.96,193.31,191.44,193.07,2015276
2024-02-07,CIRRUS,193.07,195.2,192.43,194.75,1530758
2024-02-08,CIRRUS,194.75,194.97,187,187.12,1816028
2024-02-09,CIRRUS,187.12,187.79,185.73,186.47,2076192
2024-02-12,CIRRUS,186.47,187.36,185.03,185.25,2077897
2024-02-13,CIRRUS,185.25,187.88,185.18,187.43,1510728
2024-02-14,CIRRUS,187.43,188.54,186.39,186.69,1886427
2024-02-15,CIRRUS,186.69,187.1,184.88,186.21,2268923
2024-02-16,CIRRUS,186.21,186.52,180.94,180.97,3255291
2024-02-19,CIRRUS,180.97,181.11,178.99,179.77,3399762
2024-02-20,CIRRUS,179.77,186.37,178.37,185.6,3480410
2024-02-21,CIRRUS,185.6,185.73,182.97,183.16,2598875
2024-02-22,CIRRUS,183.16,186.67,182.64,186.35,2261025
2024-02-23,CIRRUS,186.35,187.63,181.84,181.94,1913101
2024-02-26,CIRRUS,181.94,183.1,178.37,178.78,3190286
2024-02-27,CIRRUS,178.78,178.8,176.18,177.06,1783838
2024-02-28,CIRRUS,177.06,183.78,176.12,183.48,1165864
2024-02-29,CIRRUS,183.48,183.61,176.66,176.79,3136085
2024-03-01,CIRRUS,176.79,178.34,176.57,177.95,1750374
2024-03-04,CIRRUS,177.95,178.09,177.21,177.57,2731889
2024-03-05,CIRRUS,177.57,177.72,172.67,173.13,5333507
2024-03-06,CIRRUS,173.13,174.11,171.83,172.24,2526157
2024-03-07,CIRRUS,172.24,176.46,171.86,175.32,2888863
2024-03-08,CIRRUS,175.32,175.91,174.62,174.89,2095303
2024-03-11,CIRRUS,174.89,175.03,172.37,172.5,3047655
2024-03-12,CIRRUS,172.5,172.74,170.8,170.93,2621559
2024-03-13,CIRRUS,170.93,173.34,169.5,172.5,2266674
2024-03-14,CIRRUS,172.5,173.49,169.92,170.26,2738124
2024-03-15,CIRRUS,170.26,171.62,170.19,170.29,2649249
2024-03-18,CIRRUS,170.29,170.61,167.98,168.89,3024615
2024-03-19,CIRRUS,168.89,169.32,167.59,169.32,2976390
2024-03-20,CIRRUS,169.32,171.72,168.86,170.65,3672558
2024-03-21,CIRRUS,170.65,172.15,166.43,167.26,2723000
2024-03-22,CIRRUS,167.26,167.5,165.14,165.56,2213406
2024-03-25,CIRRUS,165.56,166.56,162.93,162.98,3526187
2024-03-26,CIRRUS,162.98,166.29,161.76,165.78,1069499
2024-03-27,CIRRUS,165.78,171.38,164.98,171.01,1510099
2024-03-28,CIRRUS,171.01,177.07,171,175.78,3769420
2024-03-29,CIRRUS,175.78,176.61,172.18,172.91,1651102
2024-04-01,CIRRUS,172.91,174.98,171.37,173.61,1880638
2024-04-02,CIRRUS,173.61,181.98,172.37,180.18,3063208
2024-04-03,CIRRUS,180.18,185.95,179.39,185.03,3293832
2024-04-04,CIRRUS,185.03,185.33,183.97,185.01,3315366
2024-04-05,CIRRUS,185.01,186.36,182.29,183.67,1905744
2024-04-08,CIRRUS,183.67,187.46,183.32,186.83,2617409
2024-04-09,CIRRUS,186.83,190.15,185.8,189.92,3476422
2024-04-10,CIRRUS,189.92,189.99,186.44,187.09,1130028
2024-04-11,CIRRUS,187.09,195.41,186.8,195.12,2762747
2024-04-12,CIRRUS,195.12,199.91,194.7,198.65,2805616
2024-04-15,CIRRUS,198.65,200.14,196.41,196.87,2145403
2024-04-16,CIRRUS,196.87,197.41,191.3,191.31,2813790
2024-04-17,CIRRUS,191.31,195.93,190.36,195.46,5590026
2024-04-18,CIRRUS,195.46,196.5,191.63,192.05,3425818
2024-04-19,CIRRUS,192.05,194.15,191.86,193.38,2485698
2024-04-22,CIRRUS,193.38,202.92,193.14,202.19,4687811
2024-04-23,CIRRUS,202.19,206.74,201.98,206.35,2617074
2024-04-24,CIRRUS,206.35,207.1,205.75,206.45,2171678
2024-04-25,CIRRUS,206.45,209.62,204.17,208.01,2746699
2024-04-26,CIRRUS,208.01,208.23,207.44,207.56,1368134
2024-04-29,CIRRUS,207.56,208.34,198.23,198.41,4448969
2024-04-30,CIRRUS,198.41,199.75,194.43,195.4,2688332
2024-05-01,CIRRUS,195.4,197.05,191.9,192.4,2549071
2024-05-02,CIRRUS,192.4,192.76,188.06,188.66,2372882
2024-05-03,CIRRUS,188.66,189.15,187.13,187.14,2273578
2024-05-06,CIRRUS,187.14,189.4,185.95,189.33,2633226
2024-05-07,CIRRUS,189.33,197.85,189.01,196.7,1757973
2024-05-08,CIRRUS,196.7,197.76,195.81,196.23,2573548
2024-05-09,CIRRUS,196.23,198.4,195.87,198.06,2714342
2024-05-10,CIRRUS,198.06,198.65,197.04,197.57,3549283
2024-05-13,CIRRUS,197.57,198.33,191.63,192.75,1556175
2024-05-14,CIRRUS,192.75,196.01,191.71,195.51,3075097
2024-05-15,CIRRUS,195.51,197.13,195.38,196.7,1994814
2024-05-16,CIRRUS,196.7,200.68,196.51,200.04,2645009
2024-05-17,CIRRUS,200.04,211.32,199.64,210.02,5389063
2024-05-20,CIRRUS,210.02,221.8,208.52,220.92,4705697
2024-05-21,CIRRUS,220.92,221.27,215.15,216.65,2725006
2024-05-22,CIRRUS,216.65,216.83,211.14,211.79,2956163
2024-05-23,CIRRUS,211.79,212.04,210.22,210.5,2651790
2024-05-24,CIRRUS,210.5,215.17,210.5,214.57,1980262
2024-05-27,CIRRUS,214.57,217.2,213.71,215.9,2091478
2024-05-28,CIRRUS,215.9,216.57,210.52,211.22,2175042
2024-05-29,CIRRUS,211.22,211.66,210.42,210.47,2960541
2024-05-30,CIRRUS,210.47,210.52,205.53,206.76,3259585
2024-05-31,CIRRUS,206.76,206.8,205.7,206.19,1603512
2024-06-03,CIRRUS,206.19,206.29,203.61,204.52,2668599
2024-06-04,CIRRUS,204.52,205.05,202.94,203.88,2774041
2024-06-05,CIRRUS,203.88,204.29,199,199.93,2830165
2024-06-06,CIRRUS,199.93,206.68,199.92,206.11,3514687
2024-06-07,CIRRUS,206.11,206.38,200.39,201.42,3411170
2024-06-10,CIRRUS,201.42,202.32,197.3,197.73,2037059
2024-06-11,CIRRUS,197.73,201.5,197.12,201.38,3166422
2024-06-12,CIRRUS,201.38,206.01,200.52,205.69,2770490
2024-06-13,CIRRUS,205.69,210.69,203.42,208.3,2471251
2024-06-14,CIRRUS,208.3,215.19,207.21,213.09,3989412
2024-06-17,CIRRUS,213.09,216.39,212.27,215.85,2596279
2024-06-18,CIRRUS,215.85,216.26,213.69,215.21,1980251
2024-06-19,CIRRUS,215.21,216.59,215.12,216.2,3242642
2024-06-20,CIRRUS,216.2,216.27,209.63,210.71,3921977
2024-06-21,CIRRUS,210.71,212.05,209.33,210.86,2581213
2024-06-24,CIRRUS,210.86,213.5,210.71,212.3,2350038
2024-06-25,CIRRUS,212.3,212.41,210.42,210.97,3158869
2024-06-26,CIRRUS,210.97,211.26,208.13,208.3,2928710
2024-06-27,CIRRUS,208.3,208.73,197.17,197.74,3820251
2024-06-28,CIRRUS,197.74,199.88,197.28,199.51,752742
2024-07-01,CIRRUS,199.51,200.36,198.23,198.44,1804142
2024-07-02,CIRRUS,198.44,200.07,187.73,188.52,3113056
2024-07-03,CIRRUS,188.52,188.84,186.68,187.05,2692096
2024-07-04,CIRRUS,187.05,187.37,185,185.31,3119834
2024-07-05,CIRRUS,185.31,186.47,184.08,185.15,2300166
2024-07-08,CIRRUS,185.15,188.5,184.26,187.34,3152395
2024-07-09,CIRRUS,187.34,188.09,186.12,186.65,2070629
2024-07-10,CIRRUS,186.65,186.85,184.09,184.3,3061109
2024-07-11,CIRRUS,184.3,184.73,176.4,177.12,4681571
2024-07-12,CIRRUS,177.12,177.91,175.89,176.74,1323033
2024-07-15,CIRRUS,176.74,180.1,176.72,179.01,2150507
2024-07-16,CIRRUS,179.01,180.17,175.82,176.66,3144746
2024-07-17,CIRRUS,176.66,176.93,169.08,169.33,2894124
2024-07-18,CIRRUS,169.33,170.37,167.21,167.89,2019215
2024-07-19,CIRRUS,167.89,167.89,167.12,167.31,1595340
2024-07-22,CIRRUS,167.31,167.89,161.14,161.82,3441141
2024-07-23,CIRRUS,161.82,162.07,156.92,157.01,361803
2024-07-24,CIRRUS,157.01,159.78,156.63,159.21,1232078
2024-07-25,CIRRUS,159.21,160.22,158.22,160.2,1805831
2024-07-26,CIRRUS,160.2,161.18,149.59,150.49,5080129
2024-07-29,CIRRUS,150.49,155.76,149.74,155.29,3636367
2024-07-30,CIRRUS,155.29,155.6,150.5,150.83,188517
2024-07-31,CIRRUS,150.83,154.82,150.62,154.76,3111935
2024-08-01,CIRRUS,154.76,160.99,154.76,159.94,2794682
2024-08-02,CIRRUS,159.94,160.27,150.88,151.98,4553865
2024-08-05,CIRRUS,151.98,155.56,151.61,154.22,4239482
2024-08-06,CIRRUS,154.22,159.61,154.21,158.9,767756
2024-08-07,CIRRUS,158.9,161.85,158.76,161.74,1556020
2024-08-08,CIRRUS,161.74,165.82,161.23,164.65,4027320
2024-08-09,CIRRUS,164.65,169.62,163.03,168.24,3881904
2024-08-12,CIRRUS,168.24,168.65,163.52,164.75,3299506
2024-08-13,CIRRUS,164.75,164.99,158.58,159.05,2424099
2024-08-14,CIRRUS,159.05,159.89,151.84,152.75,1943064
2024-08-15,CIRRUS,152.75,153.17,148.32,148.37,3269274
2024-08-16,CIRRUS,148.37,148.64,145.63,146.4,3336090
2024-08-19,CIRRUS,146.4,147.53,142.58,143.46,2629139
2024-08-20,CIRRUS,143.46,145.51,142.87,144.86,2910932
2024-08-21,CIRRUS,144.86,144.9,143.65,143.67,3087200
2024-08-22,CIRRUS,143.67,144.5,142.43,142.73,2071867
2024-08-23,CIRRUS,142.73,144.79,142.6,144.4,2385276
2024-08-26,CIRRUS,144.4,144.42,141.16,141.82,4008859
2024-08-27,CIRRUS,141.82,142,140.77,141.48,1123351
2024-08-28,CIRRUS,141.48,143.85,141.19,143.76,1396367
2024-08-29,CIRRUS,143.76,147.33,143.61,146.66,3112371
2024-08-30,CIRRUS,146.66,154.2,145.26,153.4,2499936
2024-09-02,CIRRUS,153.4,155.1,153.2,154.98,2694704
2024-09-03,CIRRUS,154.98,156.19,154.86,155.4,3134783
2024-09-04,CIRRUS,155.4,158.28,155.37,157.73,2074564
2024-09-05,CIRRUS,157.73,158.3,152.76,153.37,3881777
2024-09-06,CIRRUS,153.37,159.75,153.17,159.42,5394496
2024-09-09,CIRRUS,159.42,159.91,157.18,157.67,2361474
2024-09-10,CIRRUS,157.67,157.72,152.41,152.47,4184125
2024-09-11,CIRRUS,152.47,152.54,150.77,150.83,3214624
2024-09-12,CIRRUS,150.83,151.23,144.9,145.39,2545274
2024-09-13,CIRRUS,145.39,145.55,145.3,145.37,1089012
2024-09-16,CIRRUS,145.37,145.47,137.08,137.6,2350975
2024-09-17,CIRRUS,137.6,138.43,137.6,138.18,1583008
2024-09-18,CIRRUS,138.18,143.73,137.63,143.26,2890900
2024-09-19,CIRRUS,143.26,143.98,138.75,139.05,2204950
2024-09-20,CIRRUS,139.05,140.71,138.78,139.98,1519807
2024-09-23,CIRRUS,139.98,140.07,138.78,139.15,3036793
2024-09-24,CIRRUS,139.15,140.59,139.01,139.9,2102461
2024-09-25,CIRRUS,139.9,147.08,139.74,146.3,2585140
2024-09-26,CIRRUS,146.3,146.99,145.06,145.41,1957999
2024-09-27,CIRRUS,145.41,149.23,144.84,148.95,3229615
2024-09-30,CIRRUS,148.95,150.45,148.42,150.15,2051250
2024-10-01,CIRRUS,150.15,153.44,149.47,152.74,1580351
2024-10-02,CIRRUS,152.74,165.58,152.51,164.82,2160294
2024-10-03,CIRRUS,164.82,165.6,160.04,160.1,4647331
2024-10-04,CIRRUS,160.1,160.43,151.19,152.48,4013487
2024-10-07,CIRRUS,152.48,152.73,151.72,151.86,1716462
2024-10-08,CIRRUS,151.86,152.12,149.31,149.39,2024362
2024-10-09,CIRRUS,149.39,149.41,147.24,148.28,3197161
2024-10-10,CIRRUS,148.28,149.64,146.84,149.58,3105249
2024-10-11,CIRRUS,149.58,149.7,144.18,144.91,3590050
2024-10-14,CIRRUS,144.91,145.53,144.21,145.33,2168890
2024-10-15,CIRRUS,145.33,148.65,145.23,147.56,2852629
2024-10-16,CIRRUS,147.56,148.16,147.13,147.31,1782378
2024-10-17,CIRRUS,147.31,148.34,141.44,141.45,3408946
2024-10-18,CIRRUS,141.45,143.25,140,143.13,2991964
2024-10-21,CIRRUS,143.13,143.53,140.34,141.12,3128732
2024-10-22,CIRRUS,141.12,141.17,136.7,137.25,4778865
2024-10-23,CIRRUS,137.25,137.26,133.8,135.28,585383
2024-10-24,CIRRUS,135.28,135.38,132.88,133.57,1808500
2024-10-25,CIRRUS,133.57,133.92,131.85,132.01,1360347
2024-10-28,CIRRUS,132.01,132.41,131.37,131.64,3643347
2024-10-29,CIRRUS,131.64,131.78,131.37,131.64,1409361
2024-10-30,CIRRUS,131.64,132.09,130.66,131.39,2988437
2024-10-31,CIRRUS,131.39,136.17,130.9,136.15,3874252
2024-11-01,CIRRUS,136.15,139.59,135.45,138.51,3925133
2024-11-04,CIRRUS,138.51,144.93,137.31,144.33,2420902
2024-11-05,CIRRUS,144.33,144.58,143.33,144.32,3063463
2024-11-06,CIRRUS,144.32,145.57,143.35,143.56,2930630
2024-11-07,CIRRUS,143.56,147.05,143.52,146.47,1809488
2024-11-08,CIRRUS,146.47,146.82,142.65,142.79,3104314
2024-11-11,CIRRUS,142.79,142.91,140.91,141.62,1993537
2024-11-12,CIRRUS,141.62,141.84,139.25,140.2,2135504
2024-11-13,CIRRUS,140.2,140.63,139.26,140.09,2564430
2024-11-14,CIRRUS,140.09,143.92,139.26,143.11,2792880
2024-11-15,CIRRUS,143.11,144.5,136.5,137.03,2929988
2024-11-18,CIRRUS,137.03,138.1,130.53,130.76,4629646
2024-11-19,CIRRUS,130.76,131.4,128.95,129.28,3367954
2024-11-20,CIRRUS,129.28,129.34,126.45,126.48,3672764
2024-11-21,CIRRUS,126.48,130.01,126.42,129.5,2819272
2024-11-22,CIRRUS,129.5,129.8,128.61,129.08,2899166
2024-11-25,CIRRUS,129.08,130.11,128.39,129.43,3006449
2024-11-26,CIRRUS,129.43,129.9,126.36,126.55,3979672
2024-11-27,CIRRUS,126.55,129.53,126.03,128.86,2887559
2024-11-28,CIRRUS,128.86,129.06,122.63,123,3257998
2024-11-29,CIRRUS,123,123.15,121.14,122.04,3168990
